CBDREGNO,SMILES,InChI Key,Type
10624,Cc1ncsc1-c1ccc([C@H](C)NC(=O)[C@@H]2C[C@@H](O)CN2C(=O)[C@@H](NC(=O)c2cc3cc(OCCCNC(=O)C[C@@H]4N=C(c5ccc(Cl)cc5)c5c(sc(C)c5C)-n5c(C)nnc54)ccc3o2)C(C)(C)C)cc1,NNRNVOXKXQKOLG-CGDHKWSBSA-N,PROTAC
21560,Cc1ncsc1-c1ccc(CNC(=O)[C@@H]2C[C@@H](O)CN2C(=O)[C@@H](NC(=O)[C@H]2CC[C@@H](c3cnc(N4C5CCC4CN(c4cc(-c6ccccc6O)nnc4N)C5)nc3)CC2)C(C)(C)C)cc1,SJPLQGPNFYKWGD-YYVBVRPTSA-N,Degrader
15049,CCc1cc(Nc2ncc(Br)c(Nc3ccc4ncc(F)cc4c3P(C)(C)=O)n2)c(OC)cc1N1CCC(N2CCN(CCc3cc(F)c(C4CCC(=O)NC4=O)c(F)c3)CC2)CC1,ADEGTKQSBCVRHU-UHFFFAOYSA-N,PROTAC
2676,[2H]CN1CC2CC(C1)N2CC1CCN([2H])CC1,ZQIHXWGPIRXFGN-PFUFQJKNSA-N,Linker
15242,CCOc1cc(N2CCC(N3CCN(CC4CN(c5cc(F)c([C@H]6CCC(=O)NC6=O)c(F)c5)C4)CC3)CC2)c(CC)cc1Nc1ncc(Br)c(Nc2ccc3c(=O)n(CC)ncc3c2P(C)(C)=O)n1,UJIZRMREGUHVTB-PGUFJCEWSA-N,PROTAC
1392,[2H]OCCOCCOCCOCCCCC([2H])C(F)(F)F,QRROQEXKBKVWCL-OQPAGSFBSA-N,Linker
19933,O=C(NCCOCCOCCOc1ccc(-c2ccc3c(c2)[nH]c2ccncc23)cn1)c1ccc(COC(Cn2ccnc2)c2ccc(Cl)cc2Cl)c(Cl)c1,JWJWUGQNFXLDKN-UHFFFAOYSA-N,PROTAC
7365,CC(C)(C)[C@H](NC(=O)COCCCOCCCCOc1ccc(N2C(=S)N(c3ccc(C#N)c(Cl)c3)C(=O)C2(C)C)cc1F)C(=O)N1C[C@H](O)C[C@H]1C(=O)NCc1ccc(-c2cnco2)cc1,OSPYJEMDPNQIIX-DRTKLYQKSA-N,PROTAC
1004,[2H]CCN1CCN(c2ccc(OCCCN3CCN([2H])CC3)cc2)CC1,MIYNKPGGHYRRHB-PFUFQJKNSA-N,Linker
12029,CN[C@@H](C)C(=O)N[C@H](C(=O)N1CCC[C@H]1c1nc(C(=O)c2cccc(OCCCCCC(=O)N3CCN(c4ccc(Nc5ncc6c(C)c(C(C)=O)c(=O)n(C7CCCC7)c6n5)nc4)CC3)c2)cs1)C1CCCCC1,XFZYOCUEKLZYCP-NWMLSJNZSA-N,PROTAC
9062,O=C1CCC(N2Cc3cc(O[C@H]4CCC[C@H]4N4CCOCC4)ccc3C2=O)C(=O)N1,PJJFUAKCVAOKKB-KGNCLDLBSA-N,Molecular Glue
4935,CC1(Oc2ccc3n[nH]c(-c4cc(N5CC(F)C5)ncn4)c3c2)CC1,STYUWYWRXTUIEH-UHFFFAOYSA-N,Warhead
15897,COc1cc(N2CCN(CCOc3ccc(-c4cnc5[nH]cc(C(=O)c6c(F)ccc(NS(=O)(=O)N7CC[C@@H](F)C7)c6F)c5c4)cc3)CC2)cc2c1C(=O)N(C1CCC(=O)NC1=O)C2=O,MFXOVBCNVOCYBT-URAFEBPUSA-N,PROTAC
14020,CCc1cc2c(cc1N1CCN(C(=O)CCCCCCSc3cccc4c3C(=O)N(C3CCC(=O)NC3=O)C4=O)CC1)C(C)(C)c1[nH]c3cc(C#N)ccc3c1C2=O,OJNGJBJVEAOGQX-UHFFFAOYSA-N,PROTAC
16702,O=C1CCC(N2CC(c3ccc(N4CCN(CC5CCN(c6ccc([C@@H]7c8ccc(O)cc8CC[C@@H]7c7ccccc7)cc6)CC5)CC4)cc3)=CC2=O)C(=O)N1,GVEGUDDRXKAFFO-MLUHJYGWSA-N,PROTAC
7308,Cc1ncsc1-c1ccc([C@H](C)NC(=O)[C@@H]2C[C@@H](O)CN2C(=O)[C@H](C(C)C)N2Cc3ccccc3C2=O)cc1,NRFUNIWQTXTAPE-JYCYPEEHSA-N,E3 Binder
17282,COc1cc2nn([C@H]3C[C@@H](CN4CC(c5cccc6c5n(C)c(=O)n6C5CCC(=O)NC5=O)C4)C3)cc2cc1NC(=O)c1cccc(C(F)(F)F)n1,OLKWQRJIJXEDEO-LYNWRGHFSA-N,PROTAC
15652,OCCNCc1ccc(OCc2ccccc2)c(O)c1,LJEHATYZMZGSQH-UHFFFAOYSA-N,Shuttle Protein
9419,CCN(C)[C@@H]1CCCC[C@@H]1Oc1ccc2c(c1)CN(C1CCC(=O)NC1=O)C2=O,WRGQCTIOTYQPNC-KGNCLDLBSA-N,Molecular Glue
23639,CC(C)c1ccc(F)c(NC(=O)OCc2ccc3c(c2)C(=O)N(C2CCC(=O)NC2=O)C3)c1,OLCUYJGFKWNRCN-UHFFFAOYSA-N,Degrader
307,[2H]C(=O)CCCC(=O)NCC([2H])=O,PIJCAVNFNFGLTJ-KCZCTXNHSA-N,Linker
5589,COc1cc(C2CCNCC2)ccc1Nc1ncc(C(F)(F)F)c(Nc2ccccc2C(C)=O)n1,PGNYVVYXYSJDGZ-UHFFFAOYSA-N,Warhead
23823,Cc1cn(CCCN)nn1,WBBHNERYDLGNGM-UHFFFAOYSA-N,Linker
7509,Cc1ncoc1-c1ccc(CNC(=O)[C@@H]2C[C@@H](O)CN2C(=O)[C@@H](NC(=O)COCCCCOc2ccc(-c3ccc(N4C(=S)N(c5cnc(C#N)c(C(F)(F)F)c5)C(=O)C4(C)C)cc3)cc2)C(C)(C)C)cc1,GOOWFSYHBBZFDF-CENKHQFISA-N,PROTAC
6234,CNCC(NC(=O)[C@@H]1C[C@@H](O)CN1C(=O)[C@@H](N)C(C)(C)C)c1ccc(-c2scnc2C)cc1,YSCPGSZUHMZOQB-LQDSCVQESA-N,E3 Binder
23564,O=C1CCC(N2Cc3ccc(COC(=O)NC4COC(c5ccccc5)OC4)cc3C2=O)C(=O)N1,ZBPRDHDLFQBBGY-UHFFFAOYSA-N,Degrader
21101,COc1cc(N2CCC(N(C)C(=O)C3CCN(CC4CCN(c5ccc6c(c5)C(=O)N(C5CCC(=O)NC5=O)C6=O)CC4)CC3)CC2)ccc1Nc1ncc(Cl)c(Nc2ccccc2C(C)=O)n1,SEBAERXCSZZMBV-UHFFFAOYSA-N,Degrader
7369,COc1cc(N2C(=O)C(C)(C)N(c3ccc(OCCCCOCCCOCC(=O)N[C@H](C(=O)N4C[C@H](O)C[C@H]4C(=O)NCc4ccc(-c5cnco5)cc4)C(C)(C)C)c(F)c3)C2=S)ccc1C#N,GIJXCEHXJIUHAZ-KMLCJANTSA-N,PROTAC
8040,Cc1c(N)cncc1-c1cc2cc(NC(=O)CCCC(=O)NCCOCCOCCOCCOCCNc3cccc4c3C(=O)N(C3CCC(=O)NC3=O)C4=O)ncc2c(N)c1F,AFRGRTKHYOIMGJ-UHFFFAOYSA-N,PROTAC
7036,Nc1cccc2c1C(=O)N(C1CCC(=O)NC1=O)C2,XKAYAFBLGLCWSY-UHFFFAOYSA-N,E3 Binder
23006,CNc1cc(Nc2cccn(-c3ccc(C(=O)N(C)Cc4ccc(-c5ccc6c(c5)n(C)c(=O)n6C5CCC(=O)NC5=O)cn4)cn3)c2=O)nn2c(C(=O)N[C@@H]3C[C@@H]3F)cnc12,AXAPFHMDQTZZKN-YLOHLGKFSA-N,Degrader
3655,[2H]CCOCCOCC(=O)N[2H],NHCPQLWQFVVDHX-PFUFQJKNSA-N,Linker
19811,CC(C)Oc1ccc(CN2CCC(c3ccc4c(c3)CN(C3CCC(=O)NC3=O)C4=O)CC2)nc1,ZGQCTAYEKMUZPP-UHFFFAOYSA-N,Molecular Glue
7975,CCN(CCNC(=O)c1c(C)[nH]c(/C=C2\C(=O)Nc3ccc(F)cc32)c1C)CC(=O)NCCCCCNc1cccc2c1C(=O)N(C1CCC(=O)NC1=O)C2=O,CZJLQJSRANLHOR-OOAXWGSJSA-N,PROTAC
23880,CCCCOCCOCC=O,ABNCYCFVSTUSSK-UHFFFAOYSA-N,Linker
13359,Cc1ncsc1-c1ccc(CNC(=O)[C@@H]2C[C@@H](O)CN2C(=O)[C@@H](NC(=O)COCCOCCOCCOc2cc(F)c([C@@H]3c4[nH]c5ccccc5c4C[C@@H](C)N3C[C@H](C)CO)c(F)c2)C(C)(C)C)cc1,ITNAWFSINVKGQQ-AQYNJGPDSA-N,PROTAC
14006,COc1cc(N2CCC(N3CCN(C(=O)CCCCCSc4cccc5c4C(=O)N(C4CCC(=O)NC4=O)C5=O)CC3)CC2)ccc1Nc1ncc(Cl)c(Nc2ccccc2P(C)(C)=O)n1,UIZYWMVSJXOGMI-UHFFFAOYSA-N,PROTAC
3196,[2H]C#CCCCCCCN[2H],REQFTYFGWVLWOQ-PFUFQJKNSA-N,Linker
13423,Cc1sc2c(c1C)C(c1ccc(Cl)cc1)=N[C@@H](CC(=O)NCCCCCCNC(=O)c1ccc(S(=O)(=O)Nc3ccc(C)c4c(C#N)c[nH]c34)cc1)c1nnc(C)n1-2,WZAIDLYGFXAOQS-UMSFTDKQSA-N,PROTAC
6612,O=C1CCC(c2c[nH]cn2)C(=O)N1,HHPVBYIJFILNFC-UHFFFAOYSA-N,E3 Binder
14141,Cc1sc2c(c1C)C(c1ccc(Cl)cc1)=N[C@@H](CC(=O)NCCCCSc1cccc3c1CN(C1CCC(=O)NC1=O)C3=O)c1nnc(C)n1-2,NEJRLXFCYHQJGD-QBHOUYDASA-N,PROTAC
14969,CCc1cc(Nc2ncc(Br)c(Nc3ccc4nccnc4c3P(C)(C)=O)n2)c(OC)cc1N1CCC(N2CCN(CC3CN(c4ccc(C5CCC(=O)NC5=O)c(F)c4)C3)CC2)CC1,VYNCCKSKGCWIAH-UHFFFAOYSA-N,PROTAC
24043,CCCCCCOCCOCCOCC=O,LXNFXESLWGQEQX-UHFFFAOYSA-N,Linker
69,[2H]CCOCCOCCCCOCCOCC[2H],QVWKJUDBTGCDAF-QDNHWIQGSA-N,Linker
21093,C=CC(=O)Nc1cc(Nc2nccc(-c3cn(C)c4ccccc34)n2)c(OC)cc1N(C)CCN(C)C(=O)CN1CCC(c2ccc(NC3CCC(=O)NC3=O)cc2)CC1,QHSSWNLISHORIJ-UHFFFAOYSA-N,Degrader
18956,CC/C(=C(\c1ccc(O)cc1)c1ccc(OCCOCCOCCCOc2ccc3c(c2)CN(C2CCC(=O)NC2=O)C3=O)cc1)c1ccccc1,UETACXZGVSOKKZ-NJMFHTGSSA-N,PROTAC
21559,Cc1ncsc1-c1ccc(CNC(=O)[C@@H]2C[C@@H](O)CN2C(=O)[C@@H](NC(=O)Cc2ccc(-c3cnc(N4C5CCC4CN(c4cc(-c6ccccc6O)nnc4N)C5)nc3)cc2)C(C)(C)C)cc1,SECMIPOEDDAVSM-YMNQWFGKSA-N,Degrader
21438,Cn1c(=O)n(C2CCC(=O)NC2=O)c2ccc(CCc3cnc(N4C5CCC4CN(c4cc(-c6ccccc6O)nnc4N)C5)nc3)cc21,STTUMTRLKLBINU-UHFFFAOYSA-N,Degrader
206,[2H]C(=O)COCCOCCOCC([2H])=O,QWCKYSJSASSVOR-QDNHWIQGSA-N,Linker
19857,CCCC(c1ccc(CCC(=O)N2CCC(CN3CCC(C(=O)Nc4ncc(SCc5ncc(C(C)(C)C)o5)s4)CC3)CC2)cc1)N(C)C(=O)/C(C#N)=C/c1nccs1,NQYMXGRBDVYWIY-JGRMKTMXSA-N,PROTAC
18223,Cc1ncsc1-c1ccc(CNC(=O)[C@@H]2C[C@@H](O)CN2C(=O)[C@@H](NC(=O)COCCOCCCOc2ncc(N3C(=S)N(c4ccc(C#N)c(C(F)(F)F)c4F)C(=O)C3(C)C)cc2C(F)(F)F)C(C)(C)C)cc1,NADUFANCWYQJPV-KVEZMQAFSA-N,PROTAC
11960,Cc1ncsc1-c1ccc(CNC(=O)[C@@H]2C[C@@H](O)CN2C(=O)[C@@H](NC(=O)CCCCCCC(=O)N2CCN(c3ccc(Nc4ncc5cc(C(=O)N(C)C)n(C6CCCC6)c5n4)nc3)CC2)C(C)(C)C)cc1,ZGHAHLVLJCAYCT-IQAAXGBFSA-N,PROTAC
10263,C[C@H]1CC2(CCN(c3ccc(C(=O)N4CCN(C5CN(c6ccc7c(c6)C(=O)N(C6CCC(=O)NC6=O)C7=O)C5)CC4)cc3)CC2)CN1c1cnc(C#N)c(C(F)(F)F)c1,HNKPULWLPWUHNX-FDLYHPRCSA-N,PROTAC
8618,O=C1CCC(N2Cc3cc(N4CCN(CCO[C@H]5C[C@@H](Oc6ccc([C@@H]7c8ccc(O)cc8CC[C@@H]7c7ccccc7)cc6)C5)CC4)ccc3C2=O)C(=O)N1,WQEHHOOLWBGLLA-PWDXZVANSA-N,PROTAC
7614,Cc1ncsc1-c1ccc(CNC(=O)[C@@H]2C[C@@H](O)CN2C(=O)[C@@H](NC(=O)CCCOCCOCCCOc2ccc(N3C(=S)N(c4ccc(C#N)c(C(F)(F)F)c4)C(=O)C3(C)C)cc2)C(C)(C)C)cc1,SQWCFWLAGZSECP-AKCINUCUSA-N,PROTAC
11221,N#Cc1ccc(O[C@H]2CC[C@@H](NC(=O)c3ccc(N4CCC(CN5CCN(c6ccc7c(c6)C(=O)N(C6CCC(=O)NC6=O)C7=O)CC5)CC4)nc3)CC2)cc1Cl,CZKOLOSYDIPADF-XHXOVENVSA-N,PROTAC
24370,CCOCCOCCOCCn1cc(CCCC(N)=O)nn1,VKADYKRAOVRMLK-UHFFFAOYSA-N,Linker
3536,[2H]C(=O)[C@@H]1CCN(Cc2cnc(N3C4CCC3CN([2H])C4)nc2)C1,UIAVYZNPMJRYJD-AKFWMFCJSA-N,Linker
20212,CN1CCN(C2CC3CC2N(c2nnc(C(N)=O)c(Nc4ccc(C5CCN(C6CN(c7ccc8c(c7)C(=O)N(C7CCC(=O)NC7=O)C8=O)C6)CC5)cc4)n2)C3)C1=O,ZMPCRIRAEDDGSD-UHFFFAOYSA-N,Degrader
20396,CN1CCN([C@@H]2CCCN(c3nnc(C(N)=O)c(Nc4ccc(N5CCN(CC6CCN(c7ccc(N8CCC(=O)NC8=O)cc7)CC6)C(=O)C5)c(F)c4)n3)C2)C1=O,FLYSTUMWPWZLKP-GDLZYMKVSA-N,Degrader
6571,Cc1ccc(NS(=O)(=O)c2ccc(NCCN)cc2)c2[nH]cc(C#N)c12,PUIRLKSNAJNVPX-UHFFFAOYSA-N,E3 Binder
1689,[2H]CC(=O)NC1CCN([2H])CC1,YLWUSMHZABTZGP-PFUFQJKNSA-N,Linker
18695,CNC(=O)COc1cc2cc(Nc3nc(N4CCC(O[C@H]5C[C@H](N6C[C@H](C)C(c7ccc8c(c7)C(=O)N(C7CCC(=O)NC7=O)C8=O)[C@@H](C)C6)C5)CC4)ncc3Cl)ccc2n(C(C)C)c1=O,FXBJOVOANKWBLA-KNPSQJRXSA-N,PROTAC
464,[2H]N1CCC(CNC2CCN([2H])CC2)CC1,XRTGXVDKNIUEBO-ZSJDYOACSA-N,Linker
24454,C=CC(=O)Nc1cccc(-n2c(=O)cc(C)c3cnc(Nc4ccc(N5CCN(C(=O)CCCCCCCNC(=O)c6ccc(NC(=O)[C@@H]7N[C@@H](CC(C)(C)C)[C@](C#N)(c8ccc(Cl)cc8F)[C@H]7c7cccc(Cl)c7F)c(OC)c6)CC5)cc4OC)nc32)c1,GGZIIUYEYTZDCD-ASJDMNHUSA-N,PROTAC
24042,CCNC(=O)COCCOCCOCC,SNIYVBISNQQNQP-UHFFFAOYSA-N,Linker
22181,CNC(=O)COc1cc2cc(Nc3nc(N4CCC(CC5CCN(c6ccc7c(C8CCC(=O)NC8=O)nn(C)c7c6)C5)CC4)ncc3Cl)ccc2n(C)c1=O,UITBXXPOSNLQTD-UHFFFAOYSA-N,Degrader
2272,[2H]C(=O)CN1CCC(N2CCCN(c3ccc([2H])cc3)CC2)CC1,ZFXHJGRXUDWLHQ-UFIAHCKSSA-N,Linker
18889,CC[C@H](C(=O)N1CCCC[C@H]1C(=O)O[C@H](CCc1ccc(OC)c(OC)c1)c1ccc(OCC(=O)NCCCCCCCCNC(=O)COc2cccc3c2CN(C2CCC(=O)NC2=O)C3=O)cc1)c1cc(OC)c(OC)c(OC)c1,AKKPPMOMDJMETD-IQWQIDOGSA-N,PROTAC
4564,O=C(Nc1ccnc(Cl)c1)Nc1ccnc(C#Cc2cccc(C(=O)O)c2)c1,ATBXCKLXXDLBAC-UHFFFAOYSA-N,Warhead
3184,[2H]C1CCN(CC2(C)CCN([2H])C2)CC1,QPNXJEKMTDCAPD-YQWZEFQTSA-N,Linker
14074,Cc1ccc(C(=O)Nc2ccc(CN3CCN(C(=O)CCCCCSc4cccc5c4C(=O)N(C4CCC(=O)NC4=O)C5=O)CC3)c(C(F)(F)F)c2)cc1C#Cc1cnc2cccnn12,HKTXWPOLWNVQRM-UHFFFAOYSA-N,PROTAC
2535,[2H]C[C@@H]1CCN(CCCO[2H])C1,RBPKQHNYKJHOQM-BNHWBNABSA-N,Linker
8646,O=C1CCC(N2Cc3cc(N4CCN(CC5CCN(c6ccc([C@H]7c8ccc(O)cc8CC[C@H]7c7ccccc7)cc6F)CC5)CC4)ccc3C2=O)C(=O)N1,HMJPYTUDBOCFFX-VDBJOWFHSA-N,PROTAC
20005,CNC(=O)N1CCc2c(c(N3CCCc4cc(-c5cnn(C)c5)c(C(F)F)cc43)nn2C2CCN(C(=O)CCOCCOCCOCCC(=O)N[C@H](C(=O)N3C[C@H](O)C[C@H]3C(=O)NCc3ccc(-c4scnc4C)cc3)C(C)(C)C)CC2)C1,PJKAOMQYOKYHBK-GTLHEHMGSA-N,Degrader
6171,CCC(=O)N[C@H](C(=O)N1C[C@H](O)C[C@H]1C(=O)NCc1ccc(-c2scnc2C)cc1O)C(C)(C)C,OWDMZVBQEAYYGC-KGVIQGDOSA-N,E3 Binder
6540,O=C1CCC(N2Cc3ncccc3C2=O)C(=O)N1,NOCXQSYFQQQRKE-UHFFFAOYSA-N,E3 Binder
8371,O=C1CCC(N2Cc3cc(N4CCN(CCO[C@H]5CC[C@H](Oc6ccc([C@@H]7c8ccc(O)cc8CC[C@@H]7c7ccc(C(F)(F)F)cc7)cc6)CC5)CC4)ccc3C2=O)C(=O)N1,UEGMDEAVKDYMRB-KLHIQQACSA-N,PROTAC
14394,COc1ccc2c(c1)C(c1ccc(Cl)cc1)=N[C@@H](CC(=O)NCCCCCCCCCCSc1cccc3c1C(=O)N(C1CCC(=O)NC1=O)C3=O)c1nnc(C)n1-2,JAAKRSQGFDJWDS-TXEYEHERSA-N,PROTAC
10427,C[C@H]1CC2(CCN(c3ccc(C(=O)N4CCC(CN5CCCc6cc7c(cc6C5)C(=O)N(C5CCC(=O)NC5=O)C7=O)CC4)cc3)CC2)CN1c1ccc(C#N)c(Cl)c1,PGRSMMCXSXAUHK-CNNPJYHGSA-N,PROTAC
23848,O=C(CO)NCCCCNC(=O)CN1CCN(CCO)CC1,CVBSTBYZTRZSSA-UHFFFAOYSA-N,Linker
21956,CC(C)c1cc(N2C(=S)N(c3cnc(C#N)c(C(F)(F)F)c3)C(=O)C23CCC3)ccc1OCCN1C[C@@H](C)N(CC(=O)Nc2cc(F)cc(NC3CCC(=O)NC3=O)c2)[C@@H](C)C1,HNIHIOKKHNFSEL-BYGMXFQISA-N,Molecular Glue
7781,Cc1ncsc1-c1ccc([C@@H](CN(C)C)NC(=O)[C@@H]2C[C@@H](O)CN2C(=O)[C@@H](NC(=O)COCCCCCOc2ccc(C(=O)N[C@H]3C(C)(C)[C@H](Oc4ccc(C#N)c(Cl)c4)C3(C)C)cc2)C(C)(C)C)cc1,FFYUADYUZOZTBS-CGYUWRLZSA-N,PROTAC
1511,[2H]CCC1CCN(c2ncc([2H])cc2F)CC1,RRGSPMXKYWWQIH-SDTNDFKLSA-N,Linker
2878,[2H]Cc1ccc(C([2H])=O)c(F)c1,MVDRIMBGRZBWPE-WQPYEJCJSA-N,Linker
25649,Nc1nc2c(ncn2[C@H]2O[C@@H](COS(=O)(=O)O)[C@H](O)[C@@H]2O)c(=O)[nH]1,NAAAVEJZEVEAMU-GIMIYPNGSA-N,Warhead
11991,CC(=O)c1c(C)c2cnc(Nc3ccc(N4CCN(C(=O)CCCC(=O)N(C)[C@@H](C)C(=O)N[C@H](C(=O)N5CCC[C@H]5c5nc(C(=O)c6ccc(F)cc6)cs5)C5CCCCC5)CC4)cn3)nc2n(C2CCCC2)c1=O,MIDRNDGCXUZQRD-AGZLUFCVSA-N,PROTAC
1413,[2H]O[C@H]1C[C@H](OCC2(COCCCOC3CN([2H])C3)COC2)C1,QAPQIDOGVKPJFV-OQXBQZJTSA-N,Linker
2307,[2H]c1ccc(N2C[C@H]3C[C@@H]2CN3CC2CCN([2H])CC2)cc1,ZQMFJPRGXPPHAC-DRFYFIJVSA-N,Linker
4864,C[C@@H]1CN(CC(=O)N2CC(C)(C)c3ncc(Cc4ccc(F)cc4)cc32)[C@@H](CN2CCOCC2)CN1,FEKCERXCVYUTPK-HYBUGGRVSA-N,Warhead
17963,CC1(C)C(=O)N(c2ccc(C#N)c(C(F)(F)F)c2F)C(=S)N1c1ccc(CCCC(=O)Nc2cccc3c2C(=O)N(C2CCC(=O)NC2=O)C3=O)nc1,AKZRZJCUNURSNZ-UHFFFAOYSA-N,PROTAC
2056,[2H]O[C@H]1CC[C@@H](C(=O)N2CCN(C3CCN([2H])CC3)CC2)CC1,NTTPKMLXXWTEDA-WRPOOCLGSA-N,Linker
11701,Cc1ncsc1-c1ccc(CNC(=O)[C@@H]2C[C@@H](O)CN2C(=O)[C@@H](NC(=O)COCCOCCOCCOCc2ccc(-c3ccc4ncnc(Nc5ccc(OCc6cccc(F)c6)c(Cl)c5)c4c3)o2)C(C)(C)C)cc1,DMYWPOMOUYLXFS-WOPAXDDLSA-N,PROTAC
14481,CNCC#Cc1ccc(C2Oc3ccc(O)cc3C(C)=C2c2cccc(O)c2)cc1,RSYXAXMMNUPGEK-UHFFFAOYSA-N,Molecular Glue
8754,O=C1CCC(N2Cc3cc(O[C@H]4C[C@@H](N5CCC(CCOc6ccc([C@@H]7c8ccc(O)cc8CC[C@@H]7c7ccccc7)cc6)CC5)C4)ccc3C2=O)C(=O)N1,KJGSECMHDBYKEW-VMWSPCPISA-N,PROTAC
25132,NC(=O)c1cc2c(=O)n(CC(=O)NCCCCNC(=O)COc3cccc4c3C(=O)N(C3CCC(=O)NC3=O)C4=O)c(=O)n(C3CC3)c2nc1N,UVIMLBRFFJYCEW-UHFFFAOYSA-N,PROTAC
17668,COc1cc2nc([C@H]3CC[C@H](CN(C)CCCCNc4cccc5c4C(=O)N(C4CCC(=O)NC4=O)C5=O)CC3)sc2cc1NC(=O)c1cccc(C(F)(F)F)n1,QKLSYESZQJYBEM-RZWCHVLBSA-N,PROTAC
16363,C[C@H]1C=C2C=C[C@H](C)[C@H](CC[C@@H]3C[C@@H](O)CC(=O)O3)[C@H]2[C@@H](OC(=O)NCCOCCCCCOCCNc2cccc3c2C(=O)N(C2CCC(=O)NC2=O)C3=O)C1,CNBCUOLHVCFAKM-RSVHLZKGSA-N,PROTAC
23728,COc1cc(COC(=O)Nc2cccc(C(C)(C)C)c2)cc2c1CN(C1CCC(=O)NC1=O)C2=O,XOJODOCRJGRDAC-UHFFFAOYSA-N,Degrader
24938,Cc1ncsc1-c1ccc(CNC(=O)[C@@H]2C[C@@H](O)CN2C(=O)[C@@H](NC(=O)CCOCCOCCOCCOCCOCCC(=O)NCCCOC(=O)NC(Nc2ncccn2)C(Cl)(Cl)Cl)C(C)(C)C)cc1,BQQILUVLGKHSNJ-NWRQRLFSSA-N,PROTAC
16296,C[C@H]1C=C2C=C[C@H](C)[C@H](CC[C@@H]3C[C@@H](O[Si](C)(C)C(C)(C)C)CC(=O)O3)[C@H]2[C@@H](OC(=O)NCCCCCCCCCCNc2cccc3c2C(=O)N(C2CCC(=O)NC2=O)C3=O)C1,OVNJPFODOTXFLT-RRLVQAJZSA-N,PROTAC
3266,[2H]CCN1CCN(C(=O)CN2CCC(N[2H])CC2)CC1,JECYDOGHXRFGFE-PFUFQJKNSA-N,Linker
5777,CNC/C=C/C(=O)N1CCC[C@@H](n2nc(-c3ccc(Oc4ccccc4)cc3)c3c(N)ncnc32)C1,XZROHPMEDDFAMF-URZUPRTMSA-N,Warhead
2794,[2H]CC(=O)NCCCOCCN[2H],CMLUFLJXDNXJJR-PFUFQJKNSA-N,Linker
16409,Cc1ncsc1-c1ccc(CNC(=O)[C@@H]2C[C@@H](O)CN2C(=O)[C@@H](NC(=O)C2(F)CC2)C(C)(C)C)c(OCCc2cn(CCCNC(=O)O[C@@H]3C[C@H](C)C=C4C=C[C@@H](C)[C@@H](CC[C@@H]5C[C@@H](O)CC(=O)O5)[C@@H]43)nn2)c1,VNKJLWKEDGKFNQ-MPPVSHHESA-N,PROTAC
4423,CCC(C)(C)C(=O)C(=O)N1CCCC[C@H]1C(=O)O[C@H](CCc1ccc(OC)c(OC)c1)c1ccc(NC(=O)CCC(=O)O)cc1,WCDUQJCWOFBYTA-IZZNHLLZSA-N,Warhead
641,[2H]NCCOc1cccc(/C=C/C([2H])=O)c1,UYXSJQWOQAOTMY-JPQALZMOSA-N,Linker
5944,Oc1ccc(C2=C(CC(F)(F)F)CCCc3cc(O)ccc32)cc1,UMGSRCJXLVGBSS-UHFFFAOYSA-N,Warhead
11807,NC(=O)c1c(-c2ccc(Oc3ccccc3)cc2)nn2c1NCC[C@H]2C1CCN(C(=O)NC2CCN(CCOCCNc3cccc4c3C(=O)N(C3CCC(=O)NC3=O)C4=O)CC2)CC1,AYBJLMNECWZUBG-NWDJCJOJSA-N,PROTAC
1173,[2H]C(=O)CC#CCCC([2H])=O,XDZJVMSGNVRVGL-QFIQSOQBSA-N,Linker
14913,CCc1cc(Nc2ncc(Br)c(Nc3ccc4nccnc4c3P(C)(C)=O)n2)c(OC)cc1N1CCN(C2CN(C(=O)c3cnc(C(=O)NC[C@@H](C)C(=O)N[C@H](C(=O)N4CCC[C@H]4C(=O)N[C@@H]4CCCc5ccccc54)C4CCCCC4)cn3)C2)CC1,QFOKFHORLQYRHC-LVWPAPGHSA-N,PROTAC
22318,O=C1CCC(N2Cc3cc(OCCOCCNc4cc(-c5ccc(-c6nc7ccc(F)cc7s6)cc5)ccn4)ccc3C2=O)C(=O)N1,KYDUNDFYNJYOLU-UHFFFAOYSA-N,Degrader
19520,O=C(Cn1c2ccccc2c2cccc(CO)c21)NCc1ccc(CNC(=O)c2ccc3c(c2)CN(C2CCC(=O)NC2=O)C3=O)cc1,SLOWMSJPWGWVDI-UHFFFAOYSA-N,PROTAC
17738,CCN(c1cc(-c2ccc(CN3CCN(Cc4cn(CCCNc5cccc6c5C(=O)N(C5CCC(=O)NC5=O)C6=O)nn4)CC3)cc2)cc(C(=O)NCc2c(C)cc(C)[nH]c2=O)c1C)C1CCOCC1,RYARXMVSTHZUDT-UHFFFAOYSA-N,PROTAC
10031,CC1CC2(CCN(C(=O)c3ccc(N4CCN(CC5CCN(c6ccc7c(c6)C(=O)N(C6CCC(=O)NC6=O)C7=O)CC5)CC4)cc3)CC2)CN1c1ccc(C#N)c(Cl)c1,FSPXOFNPHVGEQK-UHFFFAOYSA-N,PROTAC
1125,[2H]C(=O)CCN(C)CC1CCN(C([2H])=O)CC1,JAPNWGFUMMMHBF-ZWFZLLPRSA-N,Linker
17790,CC1(C)[C@H](NC(=O)c2ccc(N3CCN(CCC4CCN(C(=O)C5CCN(c6ccc7nnn(C8CCC(=O)NC8=O)c(=O)c7c6)CC5)CC4)CC3)cc2)C(C)(C)[C@H]1Oc1ccc(C#N)c(Cl)c1,WQMZFAMKPZZVMS-HVMYGMEOSA-N,PROTAC
11073,CC1(C)[C@H](NC(=O)c2ccc(CCCCN3CCN(c4ccc5c(c4)CN([C@@H]4CCC(=O)NC4=O)C5=O)CC3)cc2)C(C)(C)[C@H]1Oc1ccc(C#N)c(Cl)c1,LETWKTVPGPUBEO-PEAUKYNRSA-N,PROTAC
25240,CCCCN(Cc1ccc(C(=O)NO)cc1)C(=O)Nc1ccc(OCCCCCCCCn2cc(CCCCC(=O)N[C@H](C(=O)N3C[C@H](O)C[C@H]3C(=O)NCc3ccc(-c4scnc4C)cc3)C(C)(C)C)nn2)cc1,IZHLISYNNRXQQO-KWXUBMIESA-N,PROTAC
10247,CC1CC2(CCN(c3ccc(C(=O)N4CCN(C5CN(c6ccc7c(c6)CN(C6CCC(=O)NC6=O)C7=O)C5)CC4)cc3)CC2)CN1c1ccc(C#N)c(Cl)c1,NHKHXXPNZPCCGN-UHFFFAOYSA-N,PROTAC
14084,Cc1nc(Nc2ncc(C(=O)Nc3c(C)cccc3Cl)s2)cc(N2CCN(CCSc3cccc4c3CN(C3CCC(=O)NC3=O)C4=O)CC2)n1,TWBLQEUPMCWVSA-UHFFFAOYSA-N,PROTAC
5268,Oc1ccc2c(c1)OC[C@H](c1ccc(F)cc1)[C@@H]2c1ccccc1,DVBQAMSVJGPALE-TZIWHRDSSA-N,Warhead
21797,CCc1cc(N2C(=S)N(c3ccc(C#N)c(C(F)(F)F)c3)C(=O)C2(C)C)ccc1OCCN1CCN(CC(=O)Nc2cccc(NC3CCC(=O)NC3=O)c2)C[C@@H]1CO,CCFBTFYWQZASOV-GWLFDFPQSA-N,Molecular Glue
13850,COC(=O)C[C@@H]1N=C(c2ccc(-c3ccc(C(=O)NCc4ccc(S(=O)(=O)Nc5ccc(C)c6c(C#N)c[nH]c56)cc4)c(F)c3F)cc2)c2c(sc(C)c2C)-n2c(C)nnc21,MFNBRDIKFRFLHT-UMSFTDKQSA-N,PROTAC
8717,CN1C(=O)CCC(N2Cc3cc(N4CCN(CC5CCN(c6ccc([C@@H]7c8ccc(O)cc8CC[C@@H]7c7ccccc7)cc6F)CC5)CC4)ccc3C2=O)C1=O,PSMAXWVWPWNXJA-SIIOFVPNSA-N,PROTAC
10359,C[C@H]1CC2(CCN(c3ccc(C(=O)N4CC[C@@H](N5CCN(c6cc7c(cc6F)C(=O)N(C6CCC(=O)NC6=O)C7=O)CC5)C4)cc3)CC2)CN1c1ccc(C#N)c(Cl)c1,CANFLYFVLDBKMF-CTIHBNTOSA-N,PROTAC
3729,[2H]CN1CCN(CCOCCCCOCCCCOCC([2H])=O)CC1,UBXHHHQXBRCQME-KUJACOJISA-N,Linker
2308,[2H]c1ccc(N2C[C@@H]3C[C@H]2CN3CC2CCN([2H])CC2)cc1,ZQMFJPRGXPPHAC-ZNMKKXDLSA-N,Linker
2472,[2H]NCCNC(=O)C1CCN([2H])CC1,YMDISBGROMNAQE-ZSJDYOACSA-N,Linker
4710,COc1ccc(C(C)O)cc1Nc1ncc(Br)c(Nc2ccc3nccnc3c2P(C)(C)=O)n1,CVMCGUOEGPAUID-UHFFFAOYSA-N,Warhead
988,[2H]C#CCOCCOCCOCCOCCOCCN[2H],BLBTXXAWMPTQOK-PFUFQJKNSA-N,Linker
22696,CCN(c1cc(-c2ccc(CN3CCN(CC4CCN(c5ccc6c(c5)C(=O)N(C5CCC(=O)NC5=O)C6=O)CC4)CC3)cc2)cc(C(=O)NCc2c(C)cc(C)[nH]c2=O)c1C)C1CCOCC1,ADDITQBYMLGESW-UHFFFAOYSA-N,Degrader
8433,O=C1CCC(N2C(=O)c3ccc(N4CCN(CC[C@@H]5C[C@H]5COc5ccc([C@@H]6c7ccc(O)cc7CC[C@@H]6c6ccccc6)cc5)CC4)cc3C2=O)C(=O)N1,ZREFLFMSMWOJIS-KMETZHPYSA-N,PROTAC
12736,Cc1ccc(NC(=O)c2ccc(CN3CCN(C(=O)CCCCCCCCC(=O)N[C@H](C(=O)N4C[C@H](O)C[C@H]4C(=O)NCc4ccc(-c5scnc5C)cc4)C(C)(C)C)CC3)cc2)cc1Nc1nccc(-c2cccnc2)n1,FGPAZAPDSOWQAF-DEONEJNQSA-N,PROTAC
24316,CCOCCn1cc(CCCCO)nn1,DFTQGVZBCBLMFW-UHFFFAOYSA-N,Linker
16182,COCCOCCOCCOCCOCCOCCOCCOCCOCCOCCOCCOCCOCCOCCOCCOCCOCCOCCOCCOCCOCCOCCNC(=O)COCC(=O)O[C@@H]1C[C@@H](C(=O)NCc2ccc(-c3scnc3C)cc2)N(C(=O)[C@@H](NC(=O)CN2CCN(CC3CCN(c4ccc(-c5cnc6[nH]cc(C(=O)c7c(F)ccc(NS(=O)(=O)N8CC[C@@H](F)C8)c7F)c6c5)cc4)CC3)CC2)C(C)(C)C)C1,DTLQVOMQGPCLCA-GGEQQWCNSA-N,PROTAC
7454,Cc1cc(OCCCCOCC(=O)N[C@H](C(=O)N2C[C@H](O)C[C@H]2C(=O)NCc2ccc(-c3scnc3C)cc2)C(C)(C)C)ccc1-c1ccc(N2C(=S)N(c3ccc(C#N)c(C(F)(F)F)c3)C(=O)C2(C)C)cc1,ATJHUKXEFODAGT-UJGSORPVSA-N,PROTAC
24556,Cc1ncsc1-c1ccc(CNC(=O)[C@@H]2C[C@@H](O)CN2C(=O)[C@@H](NC(=O)COCCCOCCCCOCCCOc2ccc(Nc3ncc(C(F)(F)F)c(NCCCN(C)C(=O)C4CCC4)n3)cc2)C(C)(C)C)cc1,HBRPAVOAWSFQHJ-IIWOMYBWSA-N,PROTAC
17416,Cn1c(=O)n(C2CCC(=O)NC2=O)c2cccc(C3CCN(C(=O)[C@H]4CC[C@H](n5cc6cc(NC(=O)c7cccc(C(F)(F)F)n7)ncc6n5)CC4)CC3)c21,MLUYADLUANZXJS-ROYFHAAWSA-N,PROTAC
24571,Nc1ncnc2c1c(-c1ccc(Oc3ccccc3)cc1)nn2C1CCN(CCOCCOCC(=O)Nc2ccc3c(c2)CN(C2CCC(=O)NC2=O)C3=O)CC1,YWUXSFGOSXEERH-UHFFFAOYSA-N,PROTAC
25367,CCOc1cc(C(C)(C)C)ccc1C1=NC(c2ccc(Cl)cc2)C(c2ccc(Cl)cc2)N1C(=O)N1CCN(C(=O)CCCCC#Cc2cccc3c2CN(C2CCC(=O)NC2=O)C3=O)CC1,XUHAJDPJTMKEEY-UHFFFAOYSA-N,PROTAC
20476,Cn1c(=O)n(C2CCC(=O)NC2=O)c2cccc(NCC3CC4(C3)CN(C(=O)c3ccc(NC(=O)[C@@H]5NC6(CCCCC6)[C@@]6(C(=O)Nc7cc(Cl)ccc76)[C@H]5c5cccc(Cl)c5F)cc3)C4)c21,GSXLHNPETCNRSY-YZNHTLRASA-N,Degrader
1443,[2H]CCOC(C)C#Cc1ccc(O[C@H]2C[C@H](O[2H])C2)cn1,HATSSBUPMGBUAC-QUSQHWCHSA-N,Linker
5910,Oc1ccc(C2=C(c3cccnc3)CCCc3cc(O)ccc32)cc1,RZNSTODVLWKXQA-UHFFFAOYSA-N,Warhead
4773,CCCS(=O)(=O)Nc1ccnc2cc(-c3c[nH]nc3-c3ccncc3)ccc12,QYCSJFLMCSQCSZ-UHFFFAOYSA-N,Warhead
19258,COc1cccc([C@H]2COc3cc(O)ccc3[C@H]2c2ccc(N3CCC(CN(C)CC#Cc4ccc5c(c4)CN(C4CCC(=O)NC4=O)C5=O)CC3)cc2)c1,MQSXDPQPILQFRV-HWUAAHNXSA-N,PROTAC
22235,COc1cc(O[C@H]2C(C)(C)[C@H](NC(=O)c3ccc(N4CCC(CN5CCN(c6ccc(C(=O)N[C@H]7CCC(=O)NC7=O)nc6)CC5)CC4)cc3)C2(C)C)ccc1C#N,SHUPDFNLMFZUGB-CEFBISQZSA-N,Degrader
23688,O=C1CCC(N2Cc3c(F)cc(COC(=O)Nc4ccc(F)c(OC(F)(F)F)c4)cc3C2=O)C(=O)N1,VUYLIOVEZKIZOV-UHFFFAOYSA-N,Degrader
770,[2H]C(=O)CN1CCN(C2CC3(C2)CN([2H])C3)[C@@H](C)C1,DMYVDBSVZJRETC-GJJJQTEESA-N,Linker
22395,CNc1ccc(-c2ccc(-c3nc4ccc(NCCOCC(=O)Nc5ccc6c(c5)CN(C5CCC(=O)NC5=O)C6=O)cc4s3)c(Cl)c2)cn1,ZYHJHQUKQFZMIZ-UHFFFAOYSA-N,Degrader
19349,O=C(Cc1cccc(F)c1)NCc1ccc(CNC(=O)c2ccc3c(c2)C(=O)N(C2CCC(=O)NC2=O)C3=O)cc1,XMIOKUHXPWNYGU-UHFFFAOYSA-N,PROTAC
5327,O=C(O)C1(c2ccccc2Br)CC1,BJFFZQJYJMQPHY-UHFFFAOYSA-N,Warhead
20194,NC(=O)c1ncc(N2CCCC(N3CCN(C4COC4)C3=O)C2)nc1Nc1ccc2c(c1)CCN(CC1CCN(c3ccc4c(c3)C(=O)N(C3CCC(=O)NC3=O)C4=O)CC1)C2,AMOYUWJQBXDSBF-UHFFFAOYSA-N,Degrader
6351,Cc1ncsc1-c1ccc(CNC(=O)C2C[C@@H](O)CN2C(=O)[C@@H](N)C(C)(C)C)cc1,ZLOXMSNKPDWMEF-IRQCGSAXSA-N,E3 Binder
3272,[2H]C(=O)CN1CCC([2H])CC1,ZMQKVTSIRCJPOE-COMABECVSA-N,Linker
11118,CC1(C)[C@H](NC(=O)c2cnc(N3CCC4(CCN(c5ccc6c(c5)C(=O)N(C5CCC(=O)NC5=O)C6=O)CC4)CC3)nc2)C(C)(C)[C@H]1Oc1ccc(C#N)c(Cl)c1,BIJRTCLUPHEZOP-QFRTWJHBSA-N,PROTAC
12761,O=C1CCC(N2C(=O)c3ccc(OCCOCC#Cc4ccc(O[C@H]5C[C@H](Oc6ccc(-c7ccc8c(c7)[nH]c7ccncc78)cn6)C5)cn4)cc3C2=O)C(=O)N1,KXNSACYPNMWTJH-LYTIDBDVSA-N,PROTAC
22044,CN(CCCNc1cccc2c1C(=O)N(C1CCC(=O)NC1=O)C2=O)C(C)(C)C=C(C#N)C(=O)N1CCC[C@@H](n2nc(-c3ccc(Oc4ccccc4)cc3)c3c(N)ncnc32)C1,HODNTCWUJMAAND-OSRRZMJMSA-N,Degrader
11809,NC(=O)c1c(-c2ccc(Oc3ccccc3)cc2)cn2c1NCC[C@H]2C1CCN(C(=O)CCN2CCC(CN3CCN(c4ccc5c(c4)C(=O)N(C4CCC(=O)NC4=O)C5=O)CC3)CC2)CC1,YDNRFQAHMCHTJX-ZAGGQVEOSA-N,PROTAC
15549,O=C1CCC(N2C(=O)c3ccc(N4CCC(O[C@@H]5CCC[C@@H](n6cc(-c7ccc8c(c7)CC/C8=N\O)c(-c7ccncc7)n6)C5)CC4)cc3C2=O)C(=O)N1,PAGWSDAXDSYFPR-NUDSUKKSSA-N,PROTAC
5337,CC(=O)NCCn1c2ccccc2c2cccnc21,QGWBVQQHIZSNOF-UHFFFAOYSA-N,Warhead
21863,CCc1cc(N2C(=S)N(c3cnc(C#N)c(C(F)(F)F)c3)C(=O)C2(C)C)ccc1OCCN1CCN([C@@H](C)C(=O)Nc2cc(F)cc(NC3CCC(=O)NC3=O)c2)CC1,XAZAGPFVURWKCJ-YNBNEFOKSA-N,Molecular Glue
25251,C=CC(=O)Nc1cc(Nc2nccc(-c3cn(C)c4ccccc34)n2)c(OC)cc1N(C)CCN(C)CCOCCOCCOCCOCC(=O)Nc1cccc2c1CN(C1CCC(=O)NC1=O)C2=O,MVXHKLZUALKPTB-UHFFFAOYSA-N,PROTAC
18567,CNC(=O)COc1cc2cc(Nc3nc(N4CCC(O[C@H]5C[C@H](N6CCC(c7c(F)cc8c(c7F)CN(C7CCC(=O)NC7=O)C8=O)CC6)C5)CC4)ncc3Cl)ccc2n(C(C)C)c1=O,ZBPQFOBZWTUVAY-DOIACJPSSA-N,PROTAC
17883,CC1(C)[C@H](NC(=O)c2ccc(-n3cc(CN4CCN(C(=O)C5CCN(c6ccc7nnn(C8CCC(=O)NC8=O)c(=O)c7c6)CC5)CC4)nn3)cc2)C(C)(C)[C@H]1Oc1ccc(C#N)c(Cl)c1,IWBCQTSVSUBGKB-NJDDYAJPSA-N,PROTAC
4209,CC1(C)[C@H](NC(=O)c2ccc(Cl)cc2F)C(C)(C)[C@H]1Oc1ccc(C#N)c(Cl)c1,GLZJVPBYUANXDM-MXVIHJGJSA-N,Warhead
8326,O=C1CCC(N2C(=O)c3ccc(NCCCCN4CCN(c5ccc([C@H]6c7ccc(O)cc7CC[C@H]6c6ccccc6)cc5)CC4)cc3C2=O)C(=O)N1,XQXOOHAIIMHGMR-VXGIPUHASA-N,PROTAC
21494,CC(C)[C@@H](C(=O)N1C[C@H](O)C[C@H]1C1=NO[C@@](C)(c2ccc(-c3ccccc3F)cc2)N1)c1cc([C@H]2CC3(C2)C[C@H](N2CCC(c4cnc(N5C6CCC5CN(c5cc(-c7ccccc7O)nnc5N)C6)nc4)CC2)C3)no1,JEFDYYXUPKLPNN-YDQITUPVSA-N,Degrader
4231,CC1(C)[C@H](NC(=O)c2cncnc2)C(C)(C)[C@H]1Oc1ccc(C#N)c(Cl)c1,FHBNOLYCXGSWKK-IYARVYRRSA-N,Warhead
16973,C[C@H]1CN(c2cc(-c3n[nH]c4ccc(OC5(C)CC5)cc34)ncn2)CCN1C[C@@H]1CCN(CC2CCN(c3ccc4c(c3)C(=O)N(C3CCC(=O)NC3=O)C4=O)CC2)C1,NSZWBPDLIXHCIN-PANKCDLTSA-N,PROTAC
20900,Cn1nc(N2CCC(=O)NC2=O)c2ccc(N3CCN(CC(=O)N4CCN(c5ccc(-c6cc(F)c7c(c6)C(=O)N(C(C(=O)Nc6nccs6)c6cc(F)cc8cn[nH]c68)C7)cc5)CC4)CC3)cc21,JDZMWYJLCBLIHQ-UHFFFAOYSA-N,Degrader
4216,Cc1nc(Cl)nc(C)c1C(=O)N[C@H]1C(C)(C)[C@H](Oc2ccc(C#N)c(Cl)c2)C1(C)C,RCFYJKVYXKSJPQ-WGSAOQKQSA-N,Warhead
14256,COc1cc(N2CCC(N(C)C(=O)CCCSc3cccc4c3C(=O)N(C3CCC(=O)NC3=O)C4=O)CC2)ccc1Nc1ncc(Cl)c(Nc2ccccc2P(C)(C)=O)n1,DXXNUJSCLXZSRS-UHFFFAOYSA-N,PROTAC
18918,CC/C(=C(\c1ccccc1)c1ccc(OCCN(C)C(=O)CCOCCOCCNc2cccc3c2C(=O)N(C2CCC(=O)NC2=O)C3=O)cc1)c1ccccc1,KURDVBWBZITUCY-LCNSVZBRSA-N,PROTAC
5394,CNC(=O)N1CCc2c(c(N3CCCc4cc(-c5cnn(CC(=O)O)c5)c(C(F)F)cc43)nn2C2CCOCC2)C1,VRKMOMLLUPWFLA-UHFFFAOYSA-N,Warhead
6328,C[C@]1(N2Cc3cc(F)ccc3C2=O)CCC(=O)NC1=O,PGYHMVTWJURLHR-AWEZNQCLSA-N,E3 Binder
1312,[2H]NCCOc1cccc([C@@H](C)N[2H])c1,HAIVLKHIIQEDTN-CHQMPMPUSA-N,Linker
13977,Cc1nc2c(F)cc(-c3nc(Nc4ccc(CN5CCN(CCCCCCSc6cccc7c6CN(C6CCC(=O)NC6=O)C7=O)CC5)cn4)ncc3F)cc2n1C(C)C,BTKBUCHIWBPFCN-UHFFFAOYSA-N,PROTAC
17980,CC1(C)C(=O)N(c2ccc(C#N)c(C(F)(F)F)c2F)C(=S)N1c1ccc(-c2ccc(OCC(=O)NCCNC(=O)COc3cccc4c3C(=O)N(C3CCC(=O)NC3=O)C4=O)cc2)nc1,MLMKPBCMZWBUTN-UHFFFAOYSA-N,PROTAC
15432,O=C1CCC(N2C(=O)c3ccc(N4CCN(CCCCCCOc5ccc(-c6cnc7[nH]cc(C(=O)c8c(F)ccc(NS(=O)(=O)N9CC[C@@H](F)C9)c8F)c7c6)cc5)CC4)cc3C2=O)C(=O)N1,CWKVKRZUJVOJSE-HOPWYFMXSA-N,PROTAC
12475,N#Cc1ccc(N2CCc3c(ncnc3Nc3ccc(C(=O)NCCCCN4CCN(c5ccc(N6CCC(=O)NC6=O)cc5)CC4)c(F)n3)C2)nc1Cl,NWNYHTPMVKYZOP-UHFFFAOYSA-N,PROTAC
13603,C[C@H]1CCc2c(ccc(-c3cnn(C4CCN(C5CN(C6CN(C7CN(c8ccc9c(c8)C(=O)N(C8CCC(=O)NC8=O)C9=O)C7)C6)C5)CC4)c3)c2OC2CCC2)N1C(=O)C1CC1,ZFXUNBTZUZPJHP-DHZXTJRXSA-N,PROTAC
24944,COc1cc(-c2cn(C)c(=O)c3cnccc23)cc(OC)c1CN1CCN(C(=O)COCCOCCOCC(=O)N[C@H](C(=O)N2C[C@H](O)C[C@H]2C(=O)NCc2ccc(-c3scnc3C)cc2)C(C)(C)C)CC1,IKMORLNNOZODIR-GPPJZCFZSA-N,PROTAC
11361,CC1(C)[C@H](NC(=O)c2ccc(N3CC4CN(C(=O)N5CCN(c6ccc7c(c6)C(=O)N(C6CCC(=O)NC6=O)C7=O)CC5)CC4C3)cc2)C(C)(C)[C@H]1Oc1ccc(C#N)c(Cl)c1,WJOXUWVHFNPZNS-HDOWKGEISA-N,PROTAC
22382,CN(C)c1ccc(-c2ccc(-c3nc4ccc(OCCOCCOc5ccc6c(c5)CN(C5CCC(=O)NC5=O)C6=O)cc4o3)cn2)cn1,LKJLBHXJYDUEMT-UHFFFAOYSA-N,Degrader
10205,CC1CC2(CCN(c3ccc(C(=O)N4CCN(C5CN(c6cc7c(cc6F)C(=O)N(C6CCC(=O)NC6=O)C7=O)C5)CC4)cc3)CC2)CN1c1ccc(C#N)c(Cl)c1,NJUICGQLRIEWQP-UHFFFAOYSA-N,PROTAC
11869,CN(C/C=C/C(=O)N1CCC([C@@H]2CCNc3c(C(N)=O)c(-c4ccc(Oc5ccccc5)cc4)nn32)CC1)CCOCCOCCOCCNc1cccc2c1CN(C1CCC(=O)NC1=O)C2=O,QMNZVTOXKZRJAB-LTIKKEOZSA-N,PROTAC
15579,Cc1ncsc1-c1ccc(CNC(=O)[C@@H]2C[C@@H](O)CN2C(=O)[C@@H](NC(=O)COCCCCN2CCN(c3ccc(-c4cnc5[nH]cc(C(=O)c6c(F)ccc(NS(=O)(=O)N7CC[C@@H](F)C7)c6F)c5c4)cc3)CC2)C(C)(C)C)cc1,XXUWEGRHQDDGMG-IMTBOYNESA-N,PROTAC
15943,O=C1CCC(N2Cc3cc(N4CCC5(CCN(CC6CCN(c7ccc(-c8cnc9[nH]cc(C(=O)c%10c(F)ccc(NS(=O)(=O)N%11CC[C@@H](F)C%11)c%10F)c9c8)cc7)CC6)CC5)CC4)ccc3C2=O)C(=O)N1,OLAAGWIULGVOMW-YRONADQGSA-N,PROTAC
20739,C[C@H]1CC2(CCN(c3ccc(N4CCC(N5CC(N(C)c6ccc7c(c6)C(=O)N(C6CCC(=O)NC6=O)C7=O)C5)CC4)nc3)CC2)CN1c1ccc(C#N)c(Cl)c1,VIXMBGDCTVVYTB-YTCZSSRZSA-N,Degrader
4264,Cc1cc(C#N)cc(C)c1O[C@H]1C(C)(C)[C@H](NC(=O)c2ccc(F)cc2)C1(C)C,DAYHSECQBSCWOQ-HZCBDIJESA-N,Warhead
16384,C[C@H]1C=C2C=C[C@H](C)[C@H](CC[C@@H]3C[C@@H](O[Si](C)(C)C(C)(C)C)CC(=O)O3)[C@H]2[C@@H](OC(=O)NCCOCC(=O)NCC(=O)Nc2cccc3c2C(=O)N(C2CCC(=O)NC2=O)C3=O)C1,YQVTUZWXOOSLJL-CHUZEWKNSA-N,PROTAC
9400,O=C1CCC(N2Cc3cc(O[C@@H]4CCCC[C@H]4NCc4ccncc4)ccc3C2=O)C(=O)N1,RTBLGMBETDQMPB-NHXNGRAPSA-N,Molecular Glue
13113,Cc1cnc(Nc2ccc3cnccc3c2)cc1N1CC(OC2CCN(CCOc3ccc4c(c3)C(=O)N(C3CCC(=O)NC3=O)C4=O)CC2)C1,BDYURTNOSJRYCQ-UHFFFAOYSA-N,PROTAC
1934,[2H]CCN1CCN(C2CCN([2H])CC2)CC1,JOXMSOKQNJLNEN-PFUFQJKNSA-N,Linker
22778,CNC(=O)c1cnc(Nc2ccc(CN3CCC(c4cccc5c4n(C)c(=O)n5C4CCC(=O)NC4=O)CC3)cn2)cc1Nc1cccc(-c2ncc(F)cn2)c1OC,RIYUYZJLBRXVKV-UHFFFAOYSA-N,Degrader
16779,CC(C)C[C@H]1[C@H](c2c(F)cc(SC3CN(CC(C)C)C3)cc2F)c2ccc3[nH]ncc3c2CN1C,PQJIGEYNWWXSLD-RRPNLBNLSA-N,Molecular Glue
12893,Cn1c2ccncc2c2ccc(-c3ccc(O[C@H]4C[C@H](OC5CCN(CCCC#CCOc6ccc7c(c6)C(=O)N(C6CCC(=O)NC6=O)C7=O)CC5)C4)nc3)cc21,CHMOQIQOMQHEOC-OJIVUOFHSA-N,PROTAC
2094,[2H]c1ccc(C2CCN([2H])C2)cc1,PRRFFTYUBPGHLE-PFUFQJKNSA-N,Linker
18565,CNC(=O)COc1cc2cc(Nc3nc(N4CCN(CC5(F)CCN(c6cccc7c6CN(C6CCC(=O)NC6=O)C7=O)CC5)CC4)ncc3Cl)ccc2n(C(C)C)c1=O,UFHKAJZKKZQYSP-UHFFFAOYSA-N,PROTAC
13981,COc1cc(N2CCN(C(=O)CCCCSc3cccc4c3C(=O)N(C3CCC(=O)NC3=O)C4=O)CC2)ccc1Nc1ncc(Cl)c(Nc2ccccc2P(C)(C)=O)n1,ZOSIDASMVHXWGC-UHFFFAOYSA-N,PROTAC
5009,N#Cc1cnc2c(C(=O)Nc3ccc4nn([C@H]5CC[C@H](C=O)CC5)cc4c3)cnn2c1,XDJOQXSJZJOIHK-PPUGGXLSSA-N,Warhead
4680,COc1ccccc1Nc1ncc(Br)c(Nc2ccccc2P(C)(C)=O)n1,SUUGRVYRILHFSZ-UHFFFAOYSA-N,Warhead
24280,CCCNC(=O)CO,AVMYPXOTVDWXBQ-UHFFFAOYSA-N,Linker
7631,Cc1ncsc1-c1ccc(CNC(=O)[C@@H]2C[C@@H](O)CN2C(=O)[C@@H](NC(=O)CN(C)CCCCOCCCOc2ccc(N3C(=S)N(c4ccc(C#N)c(C(F)(F)F)c4)C(=O)C3(C)C)cc2)C(C)(C)C)cc1,FUCRFGMGNNKCEJ-UMWCMSNQSA-N,PROTAC
2510,[2H][C@H](C)CN1CCN(CCOC2CCN([2H])CC2)CC1,YBOIBPVHRYTNFZ-QZBOUCNQSA-N,Linker
14617,Cc1ncsc1-c1ccc(CNC(=O)C2C[C@@H](O)CN2C(=O)[C@H](C(C)C)N2Cc3ccccc3C2=O)c(OCCOCCOCCOc2ccc(-c3ccc4c(c3)[nH]c3ccncc34)cn2)c1,ZZROUWJPXGGCMO-NQNQWMHQSA-N,PROTAC
16709,O=C1CCC(n2ncc(Oc3ccc(N4CCN(CCOc5ccc([C@@H]6c7ccc(O)cc7CC[C@@H]6c6ccc(F)cc6)cc5)CC4)nc3)cc2=O)C(=O)N1,IWAKTHARHXGBHO-KQRGJIEGSA-N,PROTAC
20013,CNC(=O)N1CCc2c(c(N3CCCc4cc(-c5cnn(C)c5)c(C(F)F)cc43)nn2C2CCN(C(=O)CCCCCCC(=O)N[C@H](C(=O)N3C[C@H](O)C[C@H]3C(=O)NCc3ccc(-c4scnc4C)cc3)C(C)(C)C)CC2)C1,MUKUXWOIAHKKTC-ITWUZBKNSA-N,Degrader
7888,Cc1ncsc1-c1ccc(CNC(=O)[C@@H]2C[C@@H](O)CN2C(=O)[C@@H](NC(=O)CNC(=O)c2ccc(Oc3ccc(C(=O)N[C@@H](C)Cn4ccc(-c5ccc(C#N)c(Cl)c5)n4)cc3)cc2)C(C)(C)C)cc1,KIWKXOZFJIJYAQ-DYTDRTTASA-N,PROTAC
8805,O=C1CCC(N2Cc3cc(O[C@H]4CCC[C@@H]4N4CCOCC4)ccc3C2=O)C(=O)N1,PJJFUAKCVAOKKB-JVUMBYKBSA-N,Molecular Glue
1527,[2H]CCCN1CCC(O[C@H]2C[C@H](O[2H])C2)CC1,OQYAFURCCKXMDW-CAEBVCTJSA-N,Linker
434,[2H]CCC1CCC(N2CCN([2H])CC2)C1,CDZKYJTZGBSNSJ-PFUFQJKNSA-N,Linker
21191,COc1cc(N2CCN(C(=O)CC3(O)CCN(c4ccc(NC5CCC(=O)NC5=O)cc4)CC3)CC2)ccc1Nc1ncc(Br)c(Nc2ccccc2C(C)=O)n1,INMPEFMVXNKIDO-UHFFFAOYSA-N,Degrader
9163,O=C1CCC(N2Cc3cc(O[C@H]4CCCC[C@H]4N4CC(OCC5CC5)C4)ccc3C2=O)C(=O)N1,HQBCLYBNVNPUIV-CTDXOEGXSA-N,Molecular Glue
22509,O=C1CC[C@H](N2Cc3cc(N4CCN(CC5CCN(c6ccc(C7=C(c8ccccc8Cl)CCCc8c7ccc7[nH]ncc87)cc6)CC5)CC4)ccc3C2=O)C(=O)N1,GCDFTJAWDCFUBT-QLKFWGTOSA-N,Degrader
14708,Cc1ccc(C#CCOc2ccc3c(c2)CN(C2CCC(=O)NC2=O)C3=O)cc1N1CCC(O[C@H]2C[C@H](Oc3ccc(-c4ccc5c6cnccc6n(C)c5c4)cn3)C2)CC1,FZVQYTNHWMBHHU-HMRDGLPVSA-N,PROTAC
24007,CCOCCn1cc(C)nn1,ZSUBJILEBOCSPA-UHFFFAOYSA-N,Linker
13588,C[C@H]1CCc2c(ccc(-c3cnn(C4CCN(C(=O)CN5CC(N6CCC(C#Cc7ccc8c(c7)C(=O)N(C7CCC(=O)NC7=O)C8=O)CC6)C5)CC4)c3)c2OC2CCC2)N1C(=O)C1CC1,OKNFSRCMOYUKNQ-RQPUMPGKSA-N,PROTAC
14549,Cc1ncoc1-c1ccc(CNC(=O)[C@@H]2C[C@@H](O)CN2C(=O)[C@@H](NC(=O)COCCOCCOCC(=O)N2CCN(c3ccn4c(n3)nc3ccccc34)CC2)C(C)(C)C)cc1,YRLAIBUMZBUPLD-WLIZDPAJSA-N,PROTAC
5672,COc1nc(N2CCNCC2)ccc1Nc1ncc(Cl)c(Nc2ccccc2C(C)=O)n1,NCXISNYDEIQUPF-UHFFFAOYSA-N,Warhead
10619,Cc1ncsc1-c1ccc([C@H](C)NC(=O)[C@@H]2C[C@@H](O)CN2C(=O)[C@@H](NC(=O)c2cc3cc(OCCNC(=O)C[C@@H]4N=C(c5ccc(Cl)cc5)c5c(sc(C)c5C)-n5c(C)nnc54)ccc3o2)C(C)(C)C)cc1,TVLMJBPYMIFFTN-AWLCFKTPSA-N,PROTAC
16036,COc1cc(-c2scnc2C)ccc1[C@H](C)NC(=O)[C@@H]1C[C@@H](O)CN1C(=O)[C@@H](NC(=O)CN1CCN(CC2CCN(c3ccc(-c4cnc5[nH]cc(C(=O)c6c(F)ccc(NS(=O)(=O)N7CC[C@@H](F)C7)c6F)c5c4)cc3)CC2)CC1)C(C)(C)C,ZKSIALYXKGEIQH-DRCYUUKKSA-N,PROTAC
20482,Cn1c(=O)n(C2CCC(=O)NC2=O)c2cccc(N3CCC4(CC3)CN(C(=O)c3ccc(NC(=O)[C@@H]5NC6(CCCCC6)[C@@]6(C(=O)Nc7cc(Cl)ccc76)[C@H]5c5cccc(Cl)c5F)cc3)C4)c21,DTEWUQJLSNSEAY-YZNHTLRASA-N,Degrader
7635,Cc1ncsc1-c1ccc(CNC(=O)[C@@H]2C[C@@H](O)CN2C(=O)[C@@H](NC(=O)COCCCOCCCCOc2cccc(N3C(=S)N(c4ccc(C#N)c(C(F)(F)F)c4)C(=O)C3(C)C)c2)C(C)(C)C)cc1,HPJSWVVFWBDCPU-AKCINUCUSA-N,PROTAC
16097,O=C1CCC(N2Cc3cc(OC[C@@H]4CCN(c5ccc(-c6cnc7[nH]cc(C(=O)c8c(F)ccc(NS(=O)(=O)N9CC[C@@H](F)C9)c8F)c7c6)cc5)C4)ccc3C2=O)C(=O)N1,YMMWJBVRZMCTTR-GNMPTIBOSA-N,PROTAC
11937,CC(=O)c1c(C)c2cnc(Nc3ccc(N4CCN(C(=O)CCCC(=O)N[C@H](C(=O)N5C[C@H](O)C[C@H]5C(=O)NCc5ccc(-c6scnc6C)cc5)C(C)(C)C)CC4)cn3)nc2n(C2CCCC2)c1=O,UYJPJTAGUKJHED-LUUZAMDXSA-N,PROTAC
12255,CC[C@H](C(=O)N1CCCC[C@H]1C(=O)O[C@H](CCc1ccc(OC)c(OC)c1)c1cccc(OCC(=O)NCCOCCOCCOCCNc2ccc3c(c2)C(=O)N(C2CCC(=O)NC2=O)C3=O)c1)c1cc(OC)c(OC)c(OC)c1,QYKUWRJWCWCOLR-LWFKYJFDSA-N,PROTAC
793,[2H]CCn1cnc2cc([2H])ccc21,WVNMLOGVAVGQIT-SDTNDFKLSA-N,Linker
24366,CCOCCOCCOCCn1cc(CC)nn1,BPFKRMCOLIARGN-UHFFFAOYSA-N,Linker
20294,CN1CCN([C@@H]2CCCN(c3nnc(C(N)=O)c(Nc4ccc(N5CCN(CC6CCN(c7ccc8c(c7)C(=O)N(C7CCC(=O)NC7=O)C8=O)C6)CC5)c(Cl)c4)n3)C2)C1=O,LTSTUMGUBPKTHR-FEMYGITRSA-N,Degrader
20529,Cn1c(=O)n(C2CCC(=O)NC2=O)c2cccc(C#CC3CCN(Cc4ccc(CNC(=O)[C@@H]5NC6(CCCCC6)[C@@]6(C(=O)Nc7cc(Cl)ccc76)[C@H]5c5cccc(Cl)c5F)cc4)CC3)c21,IOTDSKOFZMFWTG-FUCHIWFHSA-N,Degrader
12482,COc1cc(/C=C2\SC(=O)N(CCCOCCNc3cccc4c3C(=O)N(C3CCC(=O)NC3=O)C4=O)C2=O)ccc1Oc1ccc(C#N)cc1C(F)(F)F,PRAWNMREBILPFE-MIXAMLLLSA-N,PROTAC
13575,C[C@H]1CCc2c(ccc(-c3cnn(C4CCN(CC(=O)N5CC6(C5)CN(c5ccc7c(c5)C(=O)N(C5CCC(=O)NC5=O)C7=O)C6)CC4)c3)c2OC2CCC2)N1C(=O)C1CC1,YYWQXAASVBQQFJ-ZVENJKCTSA-N,PROTAC
23094,CNc1cc(N2CCc3c(-c4ccc(CN5CCN(C(=O)c6ccc(Cl)c(N7CCC(=O)NC7=O)c6)CC5)cn4)cccc32)nn2c(C(=O)N[C@@H]3C[C@@H]3F)cnc12,LBJUEVMIQDHOGV-MFMCTBQISA-N,Degrader
6080,CNc1cc(Nc2cccc(-c3ccc(C=O)cn3)c2OC)nn2c(C(=O)N[C@@H]3C[C@@H]3F)cnc12,DYPVFUGVDOWJSU-MAUKXSAKSA-N,Warhead
19008,CC/C(=C(\c1ccccc1)c1ccc(OCCCCCN2CCN(c3ccc4c(c3)CN(C3CCC(=O)N(C)C3=O)C4=O)CC2)cc1)c1ccc(O)cc1,NVKHOAIYAHSGOA-MBJURZOESA-N,PROTAC
612,[2H]NC1CCN(CCOCC([2H])=O)CC1,REWVWGZDVHUXKB-MOEATMQCSA-N,Linker
13407,Cc1ncsc1-c1ccc([C@H](C)NC(=O)[C@@H]2C[C@@H](O)CN2C(=O)[C@@H](NC(=O)COCCCOCCCCOc2cc(F)c([C@@H]3c4[nH]c5ccccc5c4C[C@@H](C)N3CC(C)(C)F)c(F)c2)C(C)(C)C)cc1,QVYOACFSEPENDF-GXXILBQTSA-N,PROTAC
11562,COc1cc(N2CCN(C)CC2)ccc1Nc1ncc(Cl)c(Oc2cccc(OCCOCCOCCOCCOCCOc3ccc4c(c3)C(=O)N(C3CCC(=O)NC3=O)C4=O)c2)n1,FPFMGDYTIHTHPA-UHFFFAOYSA-N,PROTAC
308,[2H]C(=O)CCCNC(=O)CCCC([2H])=O,PHJOKDOKSLWFHY-QTQOOCSTSA-N,Linker
15004,CCc1cc(Nc2ncc(Br)c(Nc3ccc4nccnc4c3P(C)(C)=O)n2)c(OC)cc1N1CCC(N2CCN(CCc3ccc(C4CCC(=O)NC4=O)c(F)c3)C[C@H]2COC)CC1,RIESOPOAXAFCKJ-TXEYEHERSA-N,PROTAC
23997,CCOCCOCCOCC=O,VIGPEKUIVIPDAG-UHFFFAOYSA-N,Linker
25587,CC[N]CCOc1ccc(/C(=C(/CC)c2ccccc2)c2ccccc2)cc1,ZCAKFOMCQHNWAA-QPLCGJKRSA-N,Warhead
7946,Cc1[nH]c(/C=C2\C(=O)Nc3ccc(F)cc32)c(C)c1C(=O)NCCCN1CCN(CC(=O)NCCCCCNc2cccc3c2C(=O)N(C2CCC(=O)NC2=O)C3=O)CC1,UURDNLADTFHVAF-WMMMYUQOSA-N,PROTAC
3075,[2H]CCN1CCC(C(=O)NC[2H])CC1,DEMAHUOOJNQYNS-QDNHWIQGSA-N,Linker
9248,CC1(C)CCN([C@@H]2CCC[C@@H]2Oc2ccc3c(c2)CN(C2CCC(=O)NC2=O)C3=O)CC1,AZSGGIAWZVOTBP-TYVLQRECSA-N,Molecular Glue
130,[2H]CCO[C@H]1CCC[C@H]1OCC[2H],UBRZBQALVQTZDI-VZWUKYJHSA-N,Linker
17632,CC(C)Nc1c(C(=O)N[C@H]2CC[C@H](CN3CCN(c4cccc5c4n(C)c(=O)n5C4CCC(=O)NC4=O)CC3)CC2)cnc2c1Oc1ccc(C#N)cc1O2,WTDRVBNXTIAJNX-MONLTZSXSA-N,PROTAC
2461,[2H]NCCCn1cnc(CN[2H])c1,WDKBQIFDDKVXNR-ZSJDYOACSA-N,Linker
7687,Cc1ncsc1-c1ccc([C@H](C)NC(=O)[C@@H]2C[C@@H](O)CN2C(=O)[C@@H](NC(=O)COCCCCOCCCCOc2ccc(N3C(=S)N(c4ccc(C#N)c(C(F)(F)F)c4)C(=O)C3(C)C)cc2)C(C)(C)C)cc1,PZIDZSMIWINOJG-PTIKRMCLSA-N,PROTAC
7963,Cc1[nH]c(/C=C2\C(=O)Nc3ccc(F)cc32)c(C)c1C(=O)NCCCN1CCN(CCCC(=O)NCCCCCCCCNc2cccc3c2C(=O)N(C2CCC(=O)NC2=O)C3=O)CC1,KNHHBLFZJVBOSC-MJPNWULPSA-N,PROTAC
4798,O=C(c1c(F)ccc(NS(=O)(=O)N2CC[C@@H](F)C2)c1Cl)c1c[nH]c2ncc(Br)cc12,UTQXMORMYTWUNY-SNVBAGLBSA-N,Warhead
4843,C=CC(=O)N1CCN(c2nc(O)nc3c(F)c(-c4c(O)cccc4F)c(Cl)cc23)C[C@H]1C,ZZJBQLXCYOCKDA-LLVKDONJSA-N,Warhead
14662,Cn1c2ccncc2c2ccc(-c3ccc(N4CC(O)(COCCCOCCCOCCOc5ccc6c(c5)C(=O)N(C5CCC(=O)NC5=O)C6=O)C4)nc3)cc21,AWJALPWAURIANB-UHFFFAOYSA-N,PROTAC
22713,CNC(=O)c1cnc(NC(=O)COCCOCCc2ccc3c(c2)n(C)c(=O)n3C2CCC(=O)NC2=O)cc1Nc1cccc(-c2ncc(F)cn2)c1OC,OKGYTPDQXAGZQM-UHFFFAOYSA-N,Degrader
15493,O=C1CCC(N2C(=O)c3ccc(N4CCN(CCOc5cccc(-n6cc(-c7ccc8c(c7)CC/C8=N\O)c(-c7ccncc7)n6)c5)CC4)cc3C2=O)C(=O)N1,PMROZIKEZUKYET-YSYMSCJYSA-N,PROTAC
20111,CC(=O)N1CCc2c(c(N3CCCc4cc(-c5cnn(C)c5)c(C(F)F)cc43)nn2C2CCN(C(=O)CCCCCNc3cccc4nc(C)n(C5CCC(=O)NC5=O)c(=O)c34)CC2)C1,CGJCDGQCZCDVPO-UHFFFAOYSA-N,Degrader
3526,[2H]C(=O)[C@H]1CC[C@H](CN2CCC(c3cnc(N4C5CCC4CN([2H])C5)nc3)CC2)CC1,GLWYBLNEQGBZNM-ICBBVWAKSA-N,Linker
18485,CNC(=O)COc1cc2cc(Nc3nc(N4CC(C)OC(C)C4)ncc3Cl)ccc2n(CCOc2ccc3c(c2)C(=O)N(C2CCC(=O)NC2=O)C3=O)c1=O,BBYCVOKGHAXYGY-UHFFFAOYSA-N,PROTAC
9079,CN(Cc1ccccc1)[C@@H]1CCCC[C@@H]1Oc1ccc2c(c1)CN(C1CCC(=O)NC1=O)C2=O,QMLROBRLGTVSFW-BGTNVORWSA-N,Molecular Glue
20551,O=C1CCN(c2cncc3cc(C#CC4CCN(C[C@H]5CC[C@H](NC(=O)[C@@H]6NC7(CCCCC7)[C@@]7(C(=O)Nc8cc(Cl)ccc87)[C@H]6c6cccc(Cl)c6F)CC5)CC4)ccc23)C(=O)N1,KMPBOXQTIIYZML-SQSBURNQSA-N,Degrader
24768,C=CC(=O)N1C[C@H](n2nc(-c3ccc(Oc4ccccc4)cc3)c3c(N)ncnc32)C[C@H]1C(=O)NCCCCNc1cccc2c1C(=O)N(C1CCC(=O)NC1=O)C2=O,TUAJKNDGLUDMGW-VTTSFGTASA-N,PROTAC
9373,CO[C@@H]1CCN([C@@H]2CCC[C@H]2Oc2ccc3c(c2)CN(C2CCC(=O)NC2=O)C3=O)C1,CPGXPUXCFWPYOP-DNJPBYLQSA-N,Molecular Glue
11625,Cc1ncsc1-c1ccc(CNC(=O)[C@@H]2C[C@@H](O)CN2C(=O)[C@H](C(C)C)N2Cc3ccccc3C2=O)c(OCCOCCOCCOCCOCCOCC#Cc2cccc3c2C(=O)N(C(C(=O)Nc2nccs2)c2cc(F)ccc2O)C3)c1,KJPZZLGVWPRNPC-SUUCMSMNSA-N,PROTAC
1083,[2H]C(=O)CCN(C)CC1CCN([2H])CC1,WWPOXNIANQAIPT-FMSOFXHYSA-N,Linker
12520,COc1cc(/C=C2\SC(=O)N(CCOCCOCCOCCOCCOCCOCCNc3cccc4c3C(=O)N(C3CCC(=O)NC3=O)C4=O)C2=O)ccc1Oc1ccc(C#N)cc1C(F)(F)F,PGWBRDAGCNMHDM-SPKJYZRXSA-N,PROTAC
18572,CNC(=O)COc1cc2cc(Nc3nc(N4CCN(CC5CCN(c6ccc(OC)c7c6CN(C6CCC(=O)NC6=O)C7=O)CC5)CC4)ncc3Cl)ccc2n(C(C)C)c1=O,LZGUZLULWPAXAB-UHFFFAOYSA-N,PROTAC
10149,N#Cc1ccc(N2CCC3(CCN(C(=O)c4ccc(N5CCN(CC(=O)N6Cc7cc8c(cc7C6)C(=O)N(C6CCC(=O)NC6=O)C8=O)CC5)cc4)C3)CC2)cc1Cl,IHNMWQCAWLBLDL-UHFFFAOYSA-N,PROTAC
15657,OCCNCc1ccc(OCc2ccc(Cl)cc2)c(OCc2ccc(Cl)cc2)c1,ZLOFYLYUEIUYBB-UHFFFAOYSA-N,Shuttle Protein
10771,Cc1ncsc1-c1ccc([C@H](C)NC(=O)[C@@H]2C[C@@H](O)CN2C(=O)[C@@H](NC(=O)CCCCC(=O)N2CCN(C(=O)C[C@@H]3N=C(c4ccc(Cl)cc4)c4c(sc(C)c4C)-n4c(C)nnc43)CC2)C(C)(C)C)cc1,CFCVEDRKIGXDGP-MTUQBNEFSA-N,PROTAC
8197,COc1cccc(F)c1-c1nccc(C(=O)Nc2ccc(-c3cnccc3C#N)cc2N2CCN(CC(=O)NCCCCCCCNc3ccc4c(c3)C(=O)N(C3CCC(=O)NC3=O)C4=O)CC2)n1,JPBJRLKBYRCNTP-UHFFFAOYSA-N,PROTAC
22891,CNc1cc(Nc2cccn(-c3ccc(C(=O)NCCCOCCCOCCCc4cccc5c4n(C)c(=O)n5C4CCC(=O)NC4=O)cn3)c2=O)nn2c(C(=O)N[C@@H]3C[C@@H]3F)cnc12,ZWGWBMBGPGLKNY-GCOHBOPDSA-N,Degrader
16426,C=CC(=O)N1CCN(c2nc(O[C@H](C)CN3CCC(COc4cc([C@H](C(=O)N5C[C@H](O)C[C@H]5C(=O)N[C@@H](C)c5ccc(-c6scnc6C)cc5)C(C)C)on4)CC3)nc3c(F)c(-c4cc(O)cc5ccccc45)c(Cl)cc23)CC1,XUWDLZAFKDYGIP-ABDCUEBMSA-N,PROTAC
19987,CNC(=O)N1CCc2c(c(N3CCCc4cc(-c5cnn(CC(=O)NCCCNc6cccc7c6C(=O)N(C6CCC(=O)NC6=O)C7=O)c5)c(C(F)F)cc43)nn2C2CCOCC2)C1,ULIOYXSWHIFKBG-UHFFFAOYSA-N,Degrader
20828,C[C@H]1CC2(CCN(c3ccc(CN4CC(N5CCN(c6cc7c(cc6F)C(=O)N(C6CCC(=O)NC6=O)C7=O)CC5)C4)cn3)CC2)CN1c1ccc(C#N)c(Cl)c1,HLDSBKLJNZQYCS-HJYWNDIWSA-N,Degrader
5021,N#Cc1cncc(C(=O)Nc2ccc3nn([C@H]4CC[C@H](C=O)CC4)cc3c2)c1,OSBJIIZLUALSHD-QUWSVYMGSA-N,Warhead
7328,Cc1ncsc1-c1ccc(CNC(=O)[C@@H]2C[C@@H](O)CN2C(=O)[C@@H](NC(=O)COCCCOCCCCCOc2ccc(N3C(=S)N(c4ccc(C#N)c(Cl)c4)C(=O)C3(C)C)cc2)C(C)(C)C)cc1,NVQAMVREFISERA-UMWCMSNQSA-N,PROTAC
20485,Cn1c(=O)n(C2CCC(=O)NC2=O)c2ccc(C#CC3CCN(C[C@H]4CC[C@H](NC(=O)[C@@H]5NC6(CCC(C)(C)CC6)[C@@]6(C(=O)Nc7cc(Cl)ccc76)[C@H]5c5cccc(Cl)c5F)CC4)CC3)cc21,DZCXABSBJOEAIJ-NKYMDAKISA-N,Degrader
3786,[2H]C#CCN1CC2(CCN(C(=O)[C@H]3CC[C@H](N[2H])CC3)C2)C1,YKBNKXZVOXFIOZ-NSRSXQNUSA-N,Linker
16028,Cc1ncsc1-c1ccc([C@H](C)NC(=O)[C@@H]2C[C@@H](O)CN2C(=O)[C@@H](NC(=O)C[C@H]2CC[C@@H](N3CCN(c4ccc(-c5cnc6[nH]cc(C(=O)c7c(F)ccc(NS(=O)(=O)N8CC[C@H](F)C8)c7F)c6c5)cc4)CC3)CC2)C(C)(C)C)cc1,ACVLSFUIOMZAEZ-NHZCQFSKSA-N,PROTAC
13796,COC(=O)C[C@@H]1N=C(c2ccc(-c3ccc(C(=O)NCc4ccc(S(=O)(=O)Nc5ccc(C)c6c(C#N)c[nH]c56)cn4)cc3)cc2)c2c(sc(C)c2C)-n2c(C)nnc21,VSDYVDWWCGERAM-DHUJRADRSA-N,PROTAC
6585,CS(=O)c1cccc2c1C(=O)N(C1CCC(=O)NC1=O)C2=O,AUOYPMLXFOMOPX-UHFFFAOYSA-N,E3 Binder
8781,O=C1CCC(N2Cc3cc(O[C@H]4CCC[C@@H]4N4CCC5(CC4)OCCO5)ccc3C2=O)C(=O)N1,SFPCFXBYZZVRII-YSTUSHMSSA-N,Molecular Glue
7213,O=C1CCC(Nc2cccc3c2OCCO3)C(=O)N1,JKWYJPAFEPTLOQ-UHFFFAOYSA-N,E3 Binder
12836,O=C1CCC(N2C(=O)c3ccc(OCCCCCOC4CCN(C(=O)[C@H]5C[C@H](Oc6ccc(-c7ccc8c(c7)[nH]c7ccncc78)cn6)C5)CC4)cc3C2=O)C(=O)N1,HSBQEZUJOUIALX-NBEIQWGDSA-N,PROTAC
9217,O=C1CCC(N2Cc3cc(O[C@@H]4CCC[C@H]4NCc4ccccn4)ccc3C2=O)C(=O)N1,WFRUMQSLDAFLJF-GIBKCMNESA-N,Molecular Glue
14316,C[C@@H]1CN(C(=O)c2ccc(NC(=O)c3cc(O[C@H](C)c4c(Cl)ccc(F)c4Cl)c(N)nn3)cc2)C[C@H](C)N1CCCCCCSc1cccc2c1CN(C1CCC(=O)NC1=O)C2=O,BVVQOEAJROWIKJ-RRKZUOJCSA-N,PROTAC
23149,CNc1cc(Nc2cccc(-c3ccc(CN4CCN(c5ccc(-c6ccc7c(c6)n(C)c(=O)n7C6CCC(=O)NC6=O)cc5)CC4)cn3)c2)nn2c(-c3cn(C(C)C)nn3)cnc12,NVCVRXVFDYWDNT-UHFFFAOYSA-N,Degrader
7222,O=C1CCC(c2cnc3ccccn23)C(=O)N1,PWLSDKGWOVMOST-UHFFFAOYSA-N,E3 Binder
15805,Cc1ncsc1-c1ccc([C@H](C)NC(=O)[C@@H]2C[C@@H](O)CN2C(=O)[C@@H](NC(=O)CN2CCCN(C3CCN(c4ccc(-c5cnc6[nH]cc(C(=O)c7c(F)ccc(NS(=O)(=O)N8CC[C@@H](F)C8)c7F)c6c5)cc4)CC3)CC2)C(C)(C)C)cc1,IFAAGIQQXIHSPQ-DSKXBBISSA-N,PROTAC
6874,CC(C)[C@@H](C(=O)N1C[C@H](O)C[C@H]1C(=O)N[C@@H](C)c1ccc(-c2ccnn2C)cc1)c1ccno1,DJIJYQJJWSKSHZ-DTPUHQDNSA-N,E3 Binder
17004,CC1(Oc2ccc3[nH]nc(-c4ccnc(N5COCC6(CN(CC7CCN(CC8CCN(c9cccc%10c9C(=O)N(C9CCC(=O)NC9=O)C%10=O)CC8)CC7)C6)C5)c4)c3c2)CC1,WZGKMPGFPJZVSP-UHFFFAOYSA-N,PROTAC
1557,[2H]CC1CCN(C[C@H]2C[C@H](O[2H])C2)CC1,IZUZPFRHJMTXFQ-JFWVLJKGSA-N,Linker
14726,CCc1cc(Nc2ncc(Br)c(Nc3ccc4nccnc4c3P(C)(C)=O)n2)c(OC)cc1N1CCC(N2CCN(CCc3ccc(C4CCC(=O)NC4=O)c(OC)c3)CC2)CC1,JCUGNXCIWGJSTO-UHFFFAOYSA-N,PROTAC
3031,[2H]CCOCCOCCC(=O)N(C)CC[2H],HZMAWWYEXVMVNX-QDNHWIQGSA-N,Linker
916,[2H]N1CCC(OCC2CCN([2H])C2)CC1,IIZLTUVUTQUNDD-ZSJDYOACSA-N,Linker
20019,CNC(=O)N1CCc2c(c(N3CCCc4cc(-c5cnn(C)c5)c(C(F)F)cc43)nn2C2CCN(C(=O)CCOCCOCCOCCNc3cccc4c3C(=O)N(C3CCC(=O)NC3=O)C4=O)CC2)C1,SIIVHMQYMSSDKA-UHFFFAOYSA-N,Degrader
2106,[2H]c1ccc(N2C[C@@H]3C[C@H]2CN3[2H])cc1,GWYXZPLBADDTQS-PCAXSOBZSA-N,Linker
23563,Cc1ccc(NC(=O)OCc2ccc3c(c2)C(=O)N(C2CCC(=O)NC2=O)C3)cc1C,SWIXTOYNUPXGCN-UHFFFAOYSA-N,Degrader
1576,[2H]Cc1ccc(OCCOCC([2H])=O)cc1,BRBHYMNQQDPXLN-UPXKZQJYSA-N,Linker
10246,CC1CC2(CCN(c3ccc(C(=O)N4CCN(C5CN(c6ccc7c(c6)C(=O)N(C6CCC(=O)NC6=O)C7)C5)CC4)cc3)CC2)CN1c1ccc(C#N)c(Cl)c1,BICFUUBMWVTOFN-UHFFFAOYSA-N,PROTAC
17048,CC1(Oc2ccc3[nH]nc(-c4cc(N5CCC(CN6CCC(F)(CN7CCN(c8cc9c(cc8F)C(=O)N(C8CCC(=O)NC8=O)C9)CC7)CC6)CC5)ncn4)c3c2)CC1,PLTHUQPMDKAHJO-UHFFFAOYSA-N,PROTAC
21938,CC(C)c1cc(N2C(=O)N(c3ccc(C#N)c(C(F)(F)F)c3)C(=S)C2(C)C)ccc1OCCN1C[C@@H](C)N(CC(=O)Nc2cccc(NC3CCC(=O)NC3=O)c2)C[C@H]1C,VWYACXDKZDXEQA-ODEFVMGXSA-N,Molecular Glue
8883,CO[C@H]1CC[C@@H](CN[C@H]2CCCC[C@@H]2Oc2ccc3c(c2)CN(C2CCC(=O)NC2=O)C3=O)CC1,JRNBPBNCVQJGNG-NGPURSCFSA-N,Molecular Glue
23240,CNc1cc(N2CCc3c(-c4ccc(C(=O)N5CCC(CN6CCN(c7ccc(-c8ccc9c(c8)n(C)c(=O)n9C8CCC(=O)NC8=O)cc7)CC6)CC5)cn4)cccc32)nn2c(C(=O)N[C@@H]3C[C@@H]3F)cnc12,KINAPUVSVLCXOX-HVMZAOKGSA-N,Degrader
14185,Cc1nc2c(F)cc(-c3nc(Nc4ccc(CN5CCN(C(=O)COCCOCCOCCOCCOCCSc6cccc7c6C(=O)N(C6CCC(=O)NC6=O)C7=O)CC5)cn4)ncc3F)cc2n1C(C)C,WIRKLTGFFVXIFW-UHFFFAOYSA-N,PROTAC
14343,O=C1CCC(N2Cc3c(SCCOCCC(=O)N4CCN(C(=O)c5cc(Cc6n[nH]c(=O)c7ccccc67)ccc5F)CC4)cccc3C2=O)C(=O)N1,IHFFYAYFSHRWEK-UHFFFAOYSA-N,PROTAC
22686,CCN(c1cc(-c2ccc(OCCCCOc3ccc4c(c3)C(=O)N(C(C(=O)N3C[C@H](O)C[C@H]3C(=O)N[C@@H](C)c3ccc(-c5scnc5C)cc3)C(C)C)C4)cc2)cc(C(=O)NCc2c(C)cc(C)[nH]c2=O)c1C)C1CCOCC1,LMKNURPQEXYFCR-MUEJJRKHSA-N,Degrader
7779,CC(=O)O[C@@H]1CC(C(=O)N[C@@H](C)c2ccc(-c3scnc3C)cc2)N(C(=O)C(NC(=O)COCCCCCNc2ccc(C(=O)N[C@H]3C(C)(C)[C@H](Oc4ccc(C#N)c(Cl)c4)C3(C)C)cc2)C(C)(C)C)C1,DTZDEQYVIACONP-GLJRAFJNSA-N,PROTAC
13843,COC(=O)C[C@@H]1N=C(c2ccc(-c3ccc4c(c3)CCN(Cc3ccc(S(=O)(=O)Nc5ccc(C)c6c(C#N)c[nH]c56)cc3)C4=O)cc2)c2c(sc(C)c2C)-n2c(C)nnc21,KLNMHTMUKRXMBI-LHEWISCISA-N,PROTAC
17899,CC1(C)[C@H](NC(=O)c2ccc(N3CC4CN(CC5CCN(C(=O)CNc6ccc7nnn(C8CCC(=O)NC8=O)c(=O)c7c6)CC5)CC4C3)cc2)C(C)(C)[C@H]1Oc1ccc(C#N)c(Cl)c1,BMINLTDIBHRKBT-NVBNUQLQSA-N,PROTAC
25083,CC(C)(/C=C(\C#N)C(=O)N1CCC[C@H](n2nc(-c3ccc(Oc4ccccc4)cc3)c3c(N)ncnc32)C1)CCCOCCOCCOCCOCCOc1cccc2c1C(=O)N(C1CCC(=O)NC1=O)C2=O,DEABZGHTSXTNRF-OZHUQAOMSA-N,PROTAC
6564,Cc1ccc(NS(=O)(=O)c2ccc(C3CCNCC3)cc2)c2[nH]cc(C#N)c12,UHLYPYHSCMOKNG-UHFFFAOYSA-N,E3 Binder
7008,NCc1scc2c1C(=O)N(C1CCC(=O)NC1=O)C2=O,JGSNOLLBLMYRQM-UHFFFAOYSA-N,E3 Binder
7659,CC(C)(C)[C@H](NC(=O)COCCCOCCCCCOc1ccc(N2C(=S)N(c3ccc(C#N)c(Cl)c3)C(=O)C2(C)C)cc1)C(=O)N1C[C@H](O)C[C@H]1C(=O)NCc1ccc(-c2cnco2)cc1,SOPHUEGZWMFGPR-AKCINUCUSA-N,PROTAC
6357,Cc1ncsc1-c1ccc(CNC(=O)[C@@H]2C[C@@H](O)CN2C(=O)[C@H](C(C)C)n2cccn2)cc1,ZGLYCDFOEZQLPR-HKBOAZHASA-N,E3 Binder
15707,[2H]C([2H])(C1CCN(c2ccc(-c3cnc4[nH]cc(C(=O)c5c(F)ccc(NS(=O)(=O)N6CC[C@@H](F)C6)c5F)c4c3)cc2)CC1)N1CCN(CC(=O)N[C@H](C(=O)N2C[C@H](O)C[C@H]2C(=O)N[C@@H](C)c2ccc(-c3scnc3C)cc2)C(C)(C)C)CC1,UUMWKZXVBGCILS-ZXBFTNEESA-N,PROTAC
1792,[2H]OC(=O)c1ccc([2H])cc1C,ZWLPBLYKEWSWPD-YQWZEFQTSA-N,Linker
6109,CNc1cc(Nc2cccc(C#CCOS(C)(=O)=O)c2OC)nn2c(C(=O)N[C@@H]3C[C@@H]3F)cnc12,INIXZGSYAGRSBM-GOEBONIOSA-N,Warhead
13041,Cn1c2ccncc2c2ccc(-c3ccc(O[C@H]4C[C@H](OCCCN5CCN(c6ccc7c(c6)C(=O)N(C6CCC(=O)NC6=O)C7=O)CC5)C4)nc3)cc21,VLQOZAYOVOIAIG-WIYXFFCHSA-N,PROTAC
4560,C[C@@H]1Cc2c([nH]c3ccccc23)[C@@H](c2c(F)cc(O)cc2F)N1CC(C)(C)F,UQFNAXIUJPIITK-XUSGNXJCSA-N,Warhead
13679,O=C1CCC(N2C(=O)c3ccc(N4CC(N5CC(N6CC[C@@H](Nc7ncnc8[nH]cc(C(=O)c9ccc(Oc%10ccccc%10)cc9Cl)c78)[C@H](F)C6)C5)C4)cc3C2=O)C(=O)N1,FPALHIUCJXNQHW-ORITWGEGSA-N,PROTAC
22854,CNc1cc(Nc2cccn(-c3cc(C(=O)NCCCCCCCCc4ccc5c(c4)n(C)c(=O)n5C4CCC(=O)NC4=O)ccn3)c2=O)nn2c(C(=O)N[C@@H]3C[C@@H]3F)cnc12,UPMKOPJNFQSYTB-BWEVJDBESA-N,Degrader
15177,CCOc1cc(N2CCC(N3CCN(CCc4c(F)ccc5c4oc(=O)n5C4CCC(=O)NC4=O)CC3)CC2)c(CC)cc1Nc1ncc(Br)c(Nc2ccc3nc(CC)ccc3c2P(C)(C)=O)n1,UFBGDYXDDCUWGG-UHFFFAOYSA-N,PROTAC
22920,CNc1cc(-c2ccc(C(=O)NCCCCc3ccc4c(c3)n(C)c(=O)n4C3CCC(=O)NC3=O)cc2)nn2c(C(=O)N[C@@H]3C[C@@H]3F)cnc12,PCMJINNBIVICKL-KRDULZAISA-N,Degrader
11975,CC(=O)c1c(C)c2cnc(Nc3ccc(N4CCN(C(=O)Cc5ccc(CC(=O)N[C@H](C(=O)N6C[C@H](O)C[C@H]6C(=O)NCc6ccc(-c7scnc7C)cc6)C(C)(C)C)cc5)CC4)cn3)nc2n(C2CCCC2)c1=O,NTRASALCTZOMLI-VTWBJYRTSA-N,PROTAC
5074,O=C[C@H]1CC[C@H](n2cc3cc(NC(=O)c4cccc(C(F)(F)F)n4)c(N4CCC4)cc3n2)CC1,YTKFFNMNKYFMDM-JCNLHEQBSA-N,Warhead
12958,Cc1ccc(-c2cn3ccc(N(C)CCOc4ccc5c(c4)C(=O)N(C4CCC(=O)NC4=O)C5=O)cc3n2)cc1,GIBBODPDUSWTHX-UHFFFAOYSA-N,PROTAC
25162,Cc1ncsc1-c1ccc([C@H](C)NC(=O)[C@@H]2C[C@@H](O)CN2C(=O)[C@H](NC(=O)CCCCNC(=O)CC(=O)Nc2cccc(Sc3ncc(N4CCC(C)(N)CC4)nc3N)c2Cl)C(C)(C)C)cc1,OCFFPCZLJBIURT-HXCNKTBOSA-N,PROTAC
7887,Cc1ncsc1-c1ccc([C@H](C)NC(=O)C2C[C@@H](O)CN2C(=O)[C@@H](NC(=O)COCCCCCOc2ccc(C(=O)N[C@@H](C)Cn3ccc(-c4ccc(C#N)c(Cl)c4)n3)cc2)C(C)(C)C)cc1,KBACHTATBLFHQJ-ASAZPTIHSA-N,PROTAC
5902,O=C(O)c1ccc2c(c1)CCCC(c1ccc(C(F)F)cc1)=C2c1ccc(O)cc1,YHDSNQSRGSRFIM-UHFFFAOYSA-N,Warhead
21270,CC(c1ccc(C(=O)NCCOCCOCCCc2ccc3c(c2)n(C)c(=O)n3C2CCC(=O)NC2=O)cc1)n1cc(-c2cc(-c3ccccc3O)nnc2N)cn1,JKHZXWJAPNASQS-UHFFFAOYSA-N,Degrader
24104,C#CC1CCN(C=O)CC1,ZVUONPZISHCXFX-UHFFFAOYSA-N,Linker
22169,CNC(=O)COc1cc2cc(Nc3nc(N4CCC(CC5CCN(c6cccc7c(C8CCC(=O)NC8=O)nn(C)c67)C5)CC4)ncc3Cl)ccc2n(C)c1=O,SVFSWXYKEAPBSG-UHFFFAOYSA-N,Degrader
20084,CNC(=O)N1CCc2c(c(N3CCCc4cc(-c5cnn(C)c5)c(C(F)F)cc43)nn2C2CCN(C(=O)CN3CCN(Cc4cccc5c4C(=O)N(C4CCC(=O)NC4=O)C5=O)CC3)CC2)C1,NVWAIRAWEKFACP-UHFFFAOYSA-N,Degrader
10017,N#Cc1ccc(N2CC3(CCN(C(=O)c4ccc(N5CCC(N6Cc7cc8c(cc7C6)C(=O)N(C6CCC(=O)NC6=O)C8=O)CC5)cc4)CC3)CC2=O)cc1Cl,RGGHUCOUQGCRPN-UHFFFAOYSA-N,PROTAC
3974,Oc1ccc2c(c1)CC[C@@H](c1ccccc1)[C@H]2c1ccc(Br)c(F)c1,LZLFLFSFZIRVNO-PGRDOPGGSA-N,Warhead
11735,NC(=O)c1c(-c2ccc(Oc3ccccc3)cc2)nn2c1NCC[C@H]2C1CCN(C(=O)CCCc2cn(CCOCCOCCNc3cccc4c3C(=O)N(C3CCC(=O)NC3=O)C4=O)nn2)CC1,YPVHADJJGNVRQL-SQTCDLSVSA-N,PROTAC
20310,COc1ccc(C(=O)N2CCC(CN3CCN(c4ccc(Nc5nc(N6CCC[C@@H](N7CCN(C)C7=O)C6)nnc5C(N)=O)cc4F)CC3)C2)cc1N1CCC(=O)NC1=O,DABBCSAFXXCCDL-MPSNESSQSA-N,Degrader
18327,CC(=O)c1c(C)c2cnc(Nc3ccc(N4CCN(CCOCCCOc5cccc6c5C(=O)N(C5CCC(=O)NC5=O)C6=O)CC4)cn3)nc2n(C2CCCC2)c1=O,WDAQXUANQCUILY-UHFFFAOYSA-N,PROTAC
6481,Nc1ccc2ncn(C3CCC(=O)NC3=O)c2c1,WGMHCOALNRTCSZ-UHFFFAOYSA-N,E3 Binder
15676,Cc1ncsc1-c1ccc(CNC(=O)[C@@H]2C[C@@H](O)CN2C(=O)[C@H](c2cc(N3CC(N4CCN(c5ccc(-c6cnc7[nH]cc(C(=O)c8c(F)ccc(NS(=O)(=O)N9CC[C@@H](F)C9)c8F)c7c6)cc5)CC4)C3)no2)C(C)C)cc1,HLWCOUBOWFUWBC-BVAPCWIFSA-N,PROTAC
4698,CCc1ccc(OC)c(Nc2ncc(Br)c(Nc3ccc4nc(C)c(C)cc4c3P(C)(C)=O)n2)c1,VRLGMXALIURFGN-UHFFFAOYSA-N,Warhead
21282,Cn1c(=O)n(C2CCC(=O)NC2=O)c2cccc(CCCNCc3cn(Cc4cccc(N5C[C@H]6C[C@@H]5CN6/C=C/C(=O)c5ccccc5O)n4)nn3)c21,GXYFJBZKUROGOD-KBZMQQSLSA-N,Degrader
4510,COc1ccc2nc(/C=C/C=C/c3ccc(O[C@H]4C[C@H](C=O)C4)nc3)sc2c1,SNNKPBWQMJPXPQ-MGRVUXLGSA-N,Warhead
886,[2H]N1CCC(COC2CCN([2H])C2)CC1,YDNJAFSFLLCUQR-ZSJDYOACSA-N,Linker
22264,COc1cc(O[C@H]2C(C)(C)[C@H](NC(=O)c3ccc(N4CCC(CN5CCN(c6ccc(F)c(C(=O)N[C@H]7CCC(=O)NC7=O)c6)CC5)CC4)cc3)C2(C)C)ccc1C#N,OOLYOSGSPYPUAW-FMPIRMQTSA-N,Degrader
256,[2H]CCCCCCNC(=O)CCC[2H],YRVDTEDFGDNSLD-QDNHWIQGSA-N,Linker
12497,Cc1sc2c(c1C)C(c1ccc(Cl)cc1)=N[C@@H](CC(=O)NCCOCCNc1cccc3c1CN(C1CCC(=O)NC1=O)C3=O)c1nnc(C)n1-2,SADAXGIPAQWNCR-MBMZGMDYSA-N,PROTAC
15431,O=C1CCC(N2C(=O)c3ccc(N4CCN(CCCCCOc5ccc(-c6cnc7[nH]cc(C(=O)c8c(F)ccc(NS(=O)(=O)N9CC[C@@H](F)C9)c8F)c7c6)cc5)CC4)cc3C2=O)C(=O)N1,ZJLIWYLBLGBTKG-FXBXRDAASA-N,PROTAC
15491,O=C1CCC(N2C(=O)c3ccc(N4CCN(CCOc5ccc(-n6cc(-c7ccc8c(c7)CC/C8=N\O)c(-c7ccncc7)n6)cc5)CC4)cc3C2=O)C(=O)N1,ZILCWWSRQMCYKW-YSYMSCJYSA-N,PROTAC
23915,NCCNC(=O)CCC=O,KJBWSGQVSDIYTF-UHFFFAOYSA-N,Linker
16696,CC1(C)[C@H](NC(=O)c2ccc(/C=C/CN3CCC4(CC3)CC(=O)N(C3CCC(=O)NC3=O)C4=O)cc2)C(C)(C)[C@H]1Oc1ccc(C#N)c(Cl)c1,CSZDMOFRVHQPTH-BFEPAIENSA-N,PROTAC
3884,CC1(C)C(=O)N(c2ccc(C#N)c(C(F)(F)F)c2)C(=S)N1c1ccc(N)c(F)c1,NCQFCIFPWLZBDV-UHFFFAOYSA-N,Warhead
20552,O=C1CCN(c2cnc3cc(C4CCN(C(=O)c5ccc(NC(=O)[C@@H]6NC7(CCCCC7)[C@@]7(C(=O)Nc8cc(Cl)ccc87)[C@H]6c6cccc(Cl)c6F)cc5)CC4)ccn23)C(=O)N1,PLQTYEFBKYWVKT-UMEKBKLMSA-N,Degrader
10581,Cc1ncsc1-c1ccc([C@H](C)NC(=O)[C@@H]2C[C@@H](O)CN2C(=O)[C@@H](NC(=O)COc2cccc(OCCNC(=O)C[C@@H]3N=C(c4ccc(Cl)cc4)c4c(sc(C)c4C)-n4c(C)nnc43)c2)C(C)(C)C)cc1,DFCLNDYFAOCINR-VGIZNPSGSA-N,PROTAC
23562,Cc1ccc(OC(F)(F)F)cc1NC(=O)OCc1ccc2c(c1)C(=O)N(C1CCC(=O)NC1=O)C2,HIKATBJJSDHHEY-UHFFFAOYSA-N,Degrader
20838,C[C@H]1CC2(CCN(c3ccc(C(=O)N4CCC(NC5(C)CN(c6ccc7c(c6)C(=O)N(C6CCC(=O)NC6=O)C7=O)C5)CC4)cc3)CC2)CN1c1ccc(C#N)c(Cl)c1,DAOFGQBEPUUSKY-XRTOLJPQSA-N,Degrader
17367,COc1cc2nn([C@H]3C[C@H](CN4CCC(c5c(OC)ccc6c5n(C)c(=O)n6C5CCC(=O)NC5=O)CC4)C3)cc2cc1NC(=O)c1cccc(C(F)(F)F)n1,JZAIFEFOLORMKB-VRYGYAFWSA-N,PROTAC
7068,CC(C)c1c(N)ccc2c1CN(C1CCC(=O)NC1=O)C2=O,QUVMDIFJBYKSDE-UHFFFAOYSA-N,E3 Binder
8090,COc1cccc(F)c1-c1ncc2[nH]nc(-c3ccc(N4CCN(C(=O)CCC(=O)N[C@H](C(=O)N5C[C@H](O)C[C@H]5C(=O)NCc5ccc(-c6scnc6C)cc5)C(C)(C)C)CC4)cc3)c2n1,NGXGDKYEFSGRDG-OLQICDORSA-N,PROTAC
25118,Nc1ncnc2c1c(-c1ccc(Cl)cc1)nn2Cc1cn(CC(=O)Nc2ccc(OCCOCCOCCNc3cccc4c3C(=O)N(C3CCC(=O)NC3=O)C4=O)cc2)nn1,XUKWKFDZCSKNNA-UHFFFAOYSA-N,PROTAC
19147,CC/C(=C(\c1ccccc1)c1ccc(OCCOCCOCCOCCOCCNc2cccc3c2C(=O)N(C2CCC(=O)NC2=O)C3=O)cc1)c1ccc(O)cc1,ATOZHHKYPHYJHV-GYILVKINSA-N,PROTAC
7703,Cc1ncoc1-c1ccc([C@H](C)NC(=O)[C@@H]2C[C@@H](O)CN2C(=O)[C@@H](NC(=O)COCCCCNc2ccc(-c3ccc(N4C(=S)N(c5cnc(C#N)c(C(F)(F)F)c5)C(=O)C4(C)C)cc3)cc2)C(C)(C)C)cc1,HXXDKFCGLJXTIW-LTTKFWSRSA-N,PROTAC
25281,CN(c1ncccc1CNc1nc(Nc2ccc(C(=O)NCc3cn(CCOCCNc4cccc5c4C(=O)N(C4CCC(=O)NC4=O)C5=O)nn3)cc2)ncc1C(F)(F)F)S(C)(=O)=O,YKYLBDUVVSFNHK-UHFFFAOYSA-N,PROTAC
20645,C[C@H]1CC2(CCN(c3ccc(C4CCN(CC(=O)N5Cc6cc7c(cc6C5)C(=O)N(C5CCC(=O)NC5=O)C7=O)CC4)cc3)CC2)CN1c1ccc(C#N)c(Cl)c1,YFCUJPZMICKQCL-ZVENJKCTSA-N,Degrader
8491,O=C1CCC(N2Cc3cc(OCCCN4CCN(c5ccc(Oc6ccc([C@@H]7c8ccc(O)cc8CC[C@@H]7c7ccccc7)cc6)nc5)CC4)ccc3C2=O)C(=O)N1,AULRZUDXSRYCER-SUELINNGSA-N,PROTAC
24993,NC(=O)CC[C@H](NC(=O)[C@@H]1CC[C@@H]2CCN(C(=O)CCCCCC#Cc3ccc4c(c3)CN(C3CCC(=O)NC3=O)C4=O)C[C@H](NC(=O)c3cc4cc(C(F)(F)P(=O)(O)O)ccc4[nH]3)C(=O)N21)C(=O)NC(c1ccccc1)c1ccccc1,FXZPXYVHFYRABL-VTOHLSPHSA-N,PROTAC
13162,Cn1c2cc(-c3ccc(N4CC(OC5CCN(CCCCCOc6ccc7c(c6)C(=O)N(C6CCC(=O)NC6=O)C7=O)CC5)C4)nc3)ccc2c2cnc(C(F)(F)F)cc21,RLEXDKNJHDONRH-UHFFFAOYSA-N,PROTAC
16799,CCCC(=O)N1CC(Oc2cc(F)c([C@@H]3c4ccc5[nH]ncc5c4CN(C)[C@H]3CC(C)C)c(F)c2)C1,VAPCGILONGAAAE-AHKZPQOWSA-N,Molecular Glue
1052,[2H]NCCCCC([2H])=O,SZBGXBOFCGNPEU-FMPZYZNPSA-N,Linker
23136,CNc1cc(Nc2cccn(-c3ccc(CN4CCC(N5CC(N6CCN(c7ccc8c(c7)n(C)c(=O)n8C7CCC(=O)NC7=O)CC6)C5)CC4)cn3)c2=O)nn2c(C(=O)N[C@@H]3C[C@@H]3F)cnc12,GZRJOASTTBGKIR-AWKZAMRRSA-N,Degrader
14032,CCc1cc2c(cc1N1CCC(N3CCN(C(=O)CCSc4cccc5c4CN(C4CCC(=O)NC4=O)C5=O)CC3)CC1)C(C)(C)c1[nH]c3cc(C#N)ccc3c1C2=O,HWPJQERYMIAIIJ-UHFFFAOYSA-N,PROTAC
3520,[2H]C(=O)[C@H]1CC2(C1)C[C@H](c1cnc(N3C4CCC3CN([2H])C4)nc1)C2,WPGCJCFBKCTNSO-NDUQADGCSA-N,Linker
18135,Cc1cc(C(C(=O)N2C[C@H](O)C[C@H]2C(=O)N[C@@H](CC(=O)N2CCC(C#Cc3ccc(N4C(=S)N(c5ccc(C#N)c(C(F)(F)F)c5F)C(=O)C4(C)C)cc3)CC2)c2ccc(-c3scnc3C)cc2)C(C)C)on1,OEOURDNMRHXRBN-BNUWPQFESA-N,PROTAC
11402,COc1cc2ncnc(Nc3ccc(F)c(Cl)c3)c2cc1OCCCCOCCCCOCCCCOc1cc(-c2scnc2C)ccc1CNC(=O)[C@@H]1C[C@@H](O)CN1C(=O)[C@H](C(C)C)N1Cc2ccccc2C1=O,JDROLAIQMCQJCR-RIVAUNJCSA-N,PROTAC
7149,N#C/C(=C\c1nccs1)C(=O)N1CCCc2cc(OCC(=O)O)ccc21,BUUPHSXEJUIRMY-UKTHLTGXSA-N,E3 Binder
10818,Cc1ncsc1-c1ccc([C@H](C)NC(=O)[C@@H]2C[C@@H](O)CN2C(=O)[C@@H](NC(=O)CN2CCC(O[C@H]3C[C@H](NC(=O)c4ccc5c6ncc(-c7c(C)noc7C)cc6n([C@@H](c6ccccc6)C6CCOCC6)c5c4)C3)CC2)C(C)(C)C)cc1,WCCYTULOXBMTJD-ZCZRHPJGSA-N,PROTAC
12378,CC[C@H](C(=O)N1CCCC[C@H]1C(=O)O[C@H](CCc1ccc(OC)c(OC)c1)c1ccccc1OCC(=O)NCc1cccc(NC(=O)COc2cccc3c2C(=O)N(C2CCC(=O)NC2=O)C3=O)c1)c1cc(OC)c(OC)c(OC)c1,RTCZCCVMESRLAJ-ZQHFOXISSA-N,PROTAC
15216,CCc1cc(Nc2ncc(Br)c(Nc3ccc4c(=O)n(C)ncc4c3P(C)(C)=O)n2)c(OC)cc1N1CCC(N2CCN(C(=O)C3CN(c4cc(F)c(C5CCC(=O)NC5=O)c(F)c4)C3)CC2)CC1,ZORTVOYSQMNRJG-UHFFFAOYSA-N,PROTAC
13386,Cc1ncsc1-c1ccc(CNC(=O)[C@@H]2C[C@@H](O)CN2C(=O)[C@@H](NC(=O)COCc2cccc(COc3cc(F)c([C@@H]4c5[nH]c6ccccc6c5C[C@@H](C)N4CC(C)(C)F)c(F)c3)n2)C(C)(C)C)cc1,QOTYHATWNAHYLQ-OIEVXDJWSA-N,PROTAC
23759,NC(=O)COCCOCC=O,SJWDHUXSGMPUDV-UHFFFAOYSA-N,Linker
5153,CC1(C)C(=O)N(c2ccc(C#N)c(C(F)(F)F)c2F)C(=S)N1c1ccc(-c2ccc(O)cc2F)nc1,JJHZOSXLGXREOB-UHFFFAOYSA-N,Warhead
1676,[2H]CCCCCC(=O)NCCCCCN[2H],OCZALAOHUMOWIL-PFUFQJKNSA-N,Linker
21422,Cn1c(=O)n(C2CCC(=O)NC2=O)c2cccc(CCCN3CCCC(n4cc(-c5cc(-c6ccccc6O)nnc5N)cn4)C3)c21,SDSIJCNFFCBSSG-UHFFFAOYSA-N,Degrader
15812,Cc1ncsc1-c1ccc(Cc2cnc([C@@H]3C[C@@H](O)CN3C(=O)[C@@H](NC(=O)CN3CCN(CC4CCN(c5ccc(-c6cnc7[nH]cc(C(=O)c8c(F)ccc(NS(=O)(=O)N9CC[C@@H](F)C9)c8F)c7c6)cc5)CC4)CC3)C(C)(C)C)[nH]2)cc1,PEEJZGNSVQPZDE-NMNBMSTJSA-N,PROTAC
25062,Cc1ncsc1-c1ccc(CNC(=O)[C@@H]2C[C@@H](O)CN2C(=O)[C@@H](NC(=O)CCCCCCCCNc2cccc3c2C(=O)N(C2CCC(=O)NC2=O)C3=O)C(C)(C)C)cc1,UQJOJHWASBETAR-PHPCURKRSA-N,PROTAC
21275,Cn1c(=O)n(C2CCC(=O)NC2=O)c2ccc(CCCOCCOCCOCCOCCNC(=O)CCCCCCCCOc3ccnc(N4C[C@H]5C[C@@H]4CN5/C=C/C(=O)c4ccccc4O)c3)cc21,MXHBIUYVNYVPCV-KQBQJWAUSA-N,Degrader
7590,Cc1ncsc1-c1ccc(CNC(=O)[C@@H]2C[C@@H](O)CN2C(=O)[C@@H](NC(=O)c2ccccc2OCCCCOc2ccc(N3C(=S)N(c4ccc(C#N)c(C(F)(F)F)c4)C(=O)C3(C)C)cc2)C(C)(C)C)cc1,BGQHPQIKPWGJBC-ZKAWRXRFSA-N,PROTAC
13839,Cc1sc2c(c1C)C(c1ccc(-c3ccc(C(=O)NCc4ccc(S(=O)(=O)Nc5ccc(C)c6c(C#N)c[nH]c56)cc4)cc3)cc1)=N[C@@H](CC(=O)OC(C)(C)C)c1nnc(C)n1-2,QWUQIPOOWVQYNK-LHEWISCISA-N,PROTAC
6371,CC1=NN=CC1c1ccc([C@H](C)NC(=O)[C@@H]2C[C@@H](O)CN2C(=O)[C@@H](N)C(C)(C)C)cc1,ANBGKIVNRAGTSX-UTTZLNDCSA-N,E3 Binder
129,[2H]CCOc1ccc(CCC([2H])=O)cc1,KMYCNZYVRBTZME-BAZCBEOBSA-N,Linker
6717,O=C1CCC(n2c(=O)oc3c(Br)cc(Cl)cc32)C(=O)N1,SOTPTOCYKRYPEY-UHFFFAOYSA-N,E3 Binder
25283,CN(c1ncccc1CNc1nc(Nc2ccc(C(=O)NCc3cn(CCOCCOCCOCCNc4cccc5c4C(=O)N(C4CCC(=O)NC4=O)C5=O)nn3)cc2)ncc1C(F)(F)F)S(C)(=O)=O,LCIKYUVWQAEKNS-UHFFFAOYSA-N,PROTAC
20972,COc1cc(N2CCC(CN3CCN(c4ccc5c(N6CCC(=O)NC6=O)nn(C)c5c4)CC3)CC2)ccc1Nc1ncc(Cl)c(Nc2ccccc2C(C)=O)n1,GOLWXRRZDGMVKN-UHFFFAOYSA-N,Degrader
11032,CC1(C)[C@H](NC(=O)c2ccc(N3CC[C@@H](CN4CCN(c5ccc6c(c5)C(=O)N(C5CCC(=O)NC5=O)C6=O)CC4)C3)cc2)C(C)(C)[C@H]1Oc1ccc(C#N)c(Cl)c1,WXJMJFQBCAIGHT-LIWCULBMSA-N,PROTAC
24080,CN(C)CCCCCOCCOCC=O,QNKYCFALGCWBHR-UHFFFAOYSA-N,Linker
20703,C[C@H]1CC2(CCN(c3ncc(C4CCN(CC5CN(c6ccc7c(c6)C(=O)N(C6CCC(=O)NC6=O)C7=O)C5)CC4)cn3)CC2)CN1c1ccc(C#N)c(Cl)c1,RANJTNYGKFLUNR-FDLYHPRCSA-N,Degrader
23589,O=C1CCC(N2Cc3ccc(COC(=O)Nc4cc(-c5ccccc5)ccn4)cc3C2=O)C(=O)N1,XURBYESKPQDHPG-UHFFFAOYSA-N,Degrader
4071,N#Cc1ncc(N2CCC3(CCN(C(=O)c4ccc(C#CC5CCNCC5)cc4)C3)CC2)cc1C(F)(F)F,NUBKXWSSRABNFT-UHFFFAOYSA-N,Warhead
21083,COc1nc(N2CCN(C(=O)CN3CCC(c4ccc(NC5CCC(=O)NC5=O)cc4)CC3)CC2)ccc1Nc1ncc(Cl)c(Nc2ccccc2C(C)=O)n1,OPXMEQRWRQBMNF-UHFFFAOYSA-N,Degrader
7155,Oc1ccc(-c2nc3ccccc3s2)cc1,ODMDLCWSMSFWCW-UHFFFAOYSA-N,E3 Binder
24103,C#CCCC1CCNCC1,CGXLFBWBODOMPY-UHFFFAOYSA-N,Linker
4920,C[C@H]1CN(c2cc(-c3n[nH]c4ccc(OC5(C)CC5)cc34)ncn2)CCN1,HLZGPMYULXFJHB-ZDUSSCGKSA-N,Warhead
11624,Cc1ncsc1-c1ccc(CNC(=O)[C@@H]2C[C@@H](O)CN2C(=O)[C@H](C(C)C)N2Cc3ccccc3C2=O)c(OCCOCCOCCOCCOCC#Cc2cccc3c2C(=O)N(C(C(=O)Nc2nccs2)c2cc(F)ccc2O)C3)c1,RQBBTDSGDOLJKR-ZDCKCFDLSA-N,PROTAC
7428,Cc1ncoc1-c1ccc(CNC(=O)[C@@H]2C[C@@H](O)CN2C(=O)[C@@H](NC(=O)COCCCCOc2ccc(-c3ccc(N4C(=S)N(c5ccc(C#N)c(Cl)c5)C(=O)C4(C)C)cc3)cc2)C(C)(C)C)cc1,IXTRUIDOINQRQM-PPZGWQTASA-N,PROTAC
11120,CC1(C)[C@H](NC(=O)c2c(F)cc(N3CCN(CCCOc4ccc5c(c4)C(=O)N(C4CCC(=O)NC4=O)C5=O)CC3)cc2F)C(C)(C)[C@H]1Oc1ccc(C#N)c(Cl)c1,VKRUGLWMZIRUFK-COLKGGAISA-N,PROTAC
3671,[2H]N1CCC(CC2CCN([2H])CC2)CC1,XUTHRJJZMHXMFR-ZSJDYOACSA-N,Linker
24885,Cc1ncsc1-c1ccc([C@H](C)NC(=O)[C@@H]2C[C@@H](O)CN2C(=O)[C@@H](NC(=O)CCCCCCCN(CCOc2ccc(C(=O)c3c(-c4ccc(O)cc4)sc4cc(O)ccc34)cc2)C2CC2)C(C)(C)C)cc1,NRBSJFSWDOHSRO-VJMPLVRKSA-N,PROTAC
1817,[2H]OCCCCOCC([2H])=O,HXQNTAILSGXHBS-LZWIMIHNSA-N,Linker
23870,NCCCCCCOCCOCC=O,VKIPFQHKDUMCKY-UHFFFAOYSA-N,Linker
10461,Cc1ncsc1-c1ccc(CNC(=O)[C@@H]2C[C@@H](O)CN2C(=O)[C@@H](NC(=O)COCCOCCOCCOCCOCCNC(=O)C[C@@H]2N=C(c3ccc(Cl)cc3)c3c(sc(C)c3C)-n3c(C)nnc32)C(C)(C)C)cc1,AXVKQJXNCZJMMW-IGFGRBNBSA-N,PROTAC
22009,C[C@@H]1CN(CCOc2ccc(N3C(=S)N(c4cnc(C#N)c(C(F)(F)F)c4)C(=O)C34CCC4)cc2C(C)(F)F)C[C@H](C)N1CC(=O)Nc1cccc(NC2CCC(=O)NC2=O)c1,SBLUQZCLEZGWCO-FCLIONODSA-N,Molecular Glue
7558,Cc1ncsc1-c1ccc(CNC(=O)[C@@H]2C[C@@H](O)CN2C(=O)[C@@H](NC(=O)COCCOCCCOc2ccc(N3C(=S)N(c4ccc(C#N)c(C(F)(F)F)c4)C(=O)C3(C)C)cc2)C(C)(C)C)cc1,LLGZBACZFMJAKA-LFHXYJAASA-N,PROTAC
2997,[2H]O[C@H]1C[C@H](N2CC[C@H]([2H])[C@@H](O)C2)C1,URVXOUSBEGYZQX-WTDDSTPWSA-N,Linker
8555,O=C1CCC(N2Cc3cc(N4CCN(CCCCCOc5ccc([C@@H]6c7ccc(O)cc7CC[C@@H]6c6ccccc6)cc5)CC4)c(F)cc3C2=O)C(=O)N1,RCIYHVJVJFIZNK-HJNPNHQXSA-N,PROTAC
4900,CC1(C)[C@H](NC(=O)c2cnc(N3CCCCC3)cn2)C(C)(C)[C@H]1Oc1ccc(C#N)c(Cl)c1,JCRKYADRWJBQRY-YHBQERECSA-N,Warhead
12640,COc1cc(Nc2c(C#N)cnc3cc(OCCCN4CCN(C(=O)CC(=O)Nc5cccc6c5CN(C5CCC(=O)NC5=O)C6=O)CC4)c(OC)cc23)c(Cl)cc1Cl,DXBMKTGZYKZNRV-UHFFFAOYSA-N,PROTAC
6849,COCCOCCOCCOCCOCCOCCOCCOCCOCCOCCOCCOCCOCCOCCOCCOCCOCCOCCOCCOCCOCCOCCOC(=O)OCN1C(=O)CCC(N2C(=O)c3cc(F)cc(OC)c3C2=O)C1=O,HFLMUWWIEYAVAO-UHFFFAOYSA-N,E3 Binder
21446,Cn1c(=O)n(C2CCC(=O)NC2=O)c2cccc(CCCN3CCC(Cn4cc(-c5cc(-c6ccccc6O)nnc5N)cn4)CC3)c21,UVKITVBLJDQSQO-UHFFFAOYSA-N,Degrader
19153,CC/C(=C(\c1ccccc1)c1ccc(OCCOCCOCCNc2cccc3c2C(=O)N(C2CCC(=O)NC2=O)C3=O)cc1)c1ccc(O)cc1,OYKGQDCDKDJPIP-FTTXPQLCSA-N,PROTAC
22752,CNC(=O)c1cnc(Nc2ccc(CN3CCC(OC4CC(c5cccc6c5n(C)c(=O)n6C5CCC(=O)NC5=O)C4)CC3)cn2)cc1Nc1cccc(-c2ncc(F)cn2)c1OC,XORUXUFUNALTOC-UHFFFAOYSA-N,Degrader
7334,CC(C)(C)[C@H](NC(=O)COCCCOCCCCCOc1ccc(N2C(=S)N(c3ccc(C#N)c(C(F)(F)F)c3)C(=O)C2(C)C)cc1)C(=O)N1C[C@H](O)C[C@H]1C(=O)NCc1ccc(Cl)cc1,SAKOGLGJLVUEGR-CIKFSXFISA-N,PROTAC
19991,CNC(=O)N1CCc2c(c(N3CCCc4cc(-c5cnn(CC(=O)NCCCCCCCNc6cccc7c6C(=O)N(C6CCC(=O)NC6=O)C7=O)c5)c(C(F)F)cc43)nn2C2CCOCC2)C1,OLQCPUQEBSSKFH-UHFFFAOYSA-N,Degrader
13809,COC(=O)C[C@@H]1N=C(c2ccc(-c3ccc(C(=O)NCc4ccc(S(=O)(=O)Nc5ccc(CO)c6c(C#N)c[nH]c56)cc4)cc3)cc2)c2c(sc(C)c2C)-n2c(C)nnc21,NPXUCGQYYSPXBU-BHVANESWSA-N,PROTAC
1597,[2H]C(=O)COCCOCCOCCOCCOCCOCC([2H])=O,CISAMEHBKRBJSA-QDNHWIQGSA-N,Linker
21148,CNC(=O)c1ccccc1Nc1nc(Nc2ccc(N3CCN(CCN4CCC(c5ccc(NC6CCC(=O)NC6=O)cc5)CC4)C(=O)C3)cc2OC)ncc1Cl,CEACEXOJGBTDMX-UHFFFAOYSA-N,Degrader
3814,[2H]C1CCCN(CC2CCN([2H])CC2)C1,KQUQJHZJTWYGAQ-YQWZEFQTSA-N,Linker
1367,[2H]O[C@H]1C[C@H](OCCCCCCN2CCN([2H])CC2)C1,BMQRBJYOLPKQIF-GHAIHNPUSA-N,Linker
15743,Cc1ncsc1-c1ccc([C@H](C)NC(=O)[C@@H]2C[C@@H](O)CN2C(=O)[C@@H](NC(=O)CN2CCC(CCN3CCC(c4ccc(-c5cnc6[nH]cc(C(=O)c7c(F)ccc(NS(=O)(=O)N8CC[C@@H](F)C8)c7F)c6c5)cc4)CC3)CC2)C(C)(C)C)cc1,ZVSKUSLQSHFSJC-FRRYYGQPSA-N,PROTAC
12588,Cc1nc(Nc2ncc(C(=O)Nc3c(C)cccc3Cl)s2)cc(N2CCN(C(=O)CCOCCOCCOCCOCCCN[C@H](C(=O)N3C[C@H](O)C[C@H]3C(=O)NCc3ccc(-c4scnc4C)cc3)C(C)(C)C)CC2)n1,OQPDKDFUDXCSBD-AVHSULOUSA-N,PROTAC
11858,CN(CCC(=O)N1CCC([C@@H]2CCNc3c(C(N)=O)c(-c4ccc(Oc5ccccc5)cc4)nn32)CC1)CC1CCC(N2CCN(C(=O)c3cccc(N4CCC(=O)NC4=O)c3)CC2)CC1,AMYRQLLDLNRRBL-MZYWFBGISA-N,PROTAC
289,[2H]CCCNC(=O)CCCC([2H])=O,FUSQDGSAHVCVQH-COMABECVSA-N,Linker
12349,CC[C@H](C(=O)N1CCCC[C@H]1C(=O)O[C@H](CCc1ccc(OC)c(OC)c1)c1ccccc1OCC(=O)NCCCCOc1cccc2c1C(=O)N(C1CCC(=O)NC1=O)C2=O)c1cc(OC)c(OC)c(OC)c1,BOZOJAUBJMLOAS-AXJYZDQSSA-N,PROTAC
20599,CC(C)(C)C[C@@H]1N[C@@H](C(=O)N[C@H]2CC[C@H](CNCCCC#Cc3ccn4c(N5CCC(=O)NC5=O)cnc4c3)CC2)[C@H](c2cccc(Cl)c2F)[C@@]1(C#N)c1ccc(Cl)cc1F,CUFQDJZVBRZLCB-IRBRAGCKSA-N,Degrader
17448,COc1cc(NC(=O)c2cccc(C(F)(F)F)n2)cc2cn([C@H]3CC[C@H](CN4CCN(c5cccc6c(N7CCC(=O)NC7=O)cncc56)CC4)CC3)nc12,NIGRZKGTMUBSJO-HNKWHGCMSA-N,PROTAC
17941,CC1(C)[C@H](NC(=O)c2ccc(C#CCN3CC4(CCN(c5ccc6nnn(C7CCC(=O)NC7=O)c(=O)c6c5)CC4)C3)nc2)C(C)(C)[C@H]1Oc1ccc(C#N)c(Cl)c1,LNPKGMQYKAGVTA-MVYHCPRNSA-N,PROTAC
25407,CC(C)c1c(C(=O)Nc2ccccc2)c(-c2cccc(OCCCc3cn(CCCCCCOCC#Cc4cccc5c4CN(C4CCC(=O)NC4=O)C5=O)nn3)c2)c(-c2ccc(F)cc2)n1CC[C@@H](O)C[C@@H](O)CC(=O)O,XENQODBRMXLGFU-CFQHIMGQSA-N,PROTAC
18772,CNC(=O)COc1cc2cc(Nc3nc(N4CCC(O[C@H]5C[C@H](N6CC=C(c7ccc8c(c7)CN(C7CCC(=O)NC7=O)C8=O)CC6)C5)CC4)ncc3Cl)ccc2n(C(C)C)c1=O,TYASWSMENYUBLB-ULRIJCTKSA-N,PROTAC
6346,O=C1CCC(N2C(=O)c3cc4c(cc3C2=O)CCNCC4)C(=O)N1,GYALPPCLSQQJKB-UHFFFAOYSA-N,E3 Binder
18595,CNC(=O)COc1cc2cc(Nc3nc(N4CCOC5(CN(CCC6CCN(c7ccc8c(c7)C(=O)N(C7CCC(=O)NC7=O)C8=O)CC6)C5)C4)ncc3Cl)ccc2n(C(C)C)c1=O,JQXLQBQSNRFIFA-UHFFFAOYSA-N,PROTAC
20095,CC(=O)N1CCc2c(c(N3CCCc4cc(-c5cnn(C)c5)c(C(F)F)cc43)nn2C2CCN(CC3CCN(CCCc4cccc5c4C(=O)N(C4CCC(=O)NC4=O)C5=O)CC3)CC2)C1,YZQIOLPGUXNADE-UHFFFAOYSA-N,Degrader
6599,O=C1CCC(c2ccc(Br)cc2C(F)(F)F)C(=O)N1,FHAABWHVHIWOAP-UHFFFAOYSA-N,E3 Binder
3798,[2H]c1ccc(N2CCCN(CC3CCN([2H])CC3)CC2)nc1,YANOBUFPLASQOA-YQWZEFQTSA-N,Linker
2526,[2H]OCCOCCOCCOCCOCCOCCCOCCOCCOCCOCCOC1CCN(C[C@H]([2H])C)CC1,VFIUJCOAXKRWKJ-VUTNGSLLSA-N,Linker
2313,[2H]c1ccc(C2CCN(CCN3CCN([2H])CC3)CC2)cc1,YEUOGASEXKXRGQ-PFUFQJKNSA-N,Linker
23477,CC(C)(C)c1ccc(NC(=O)OCc2ccc3c(c2)C(=O)N(C2CCC(=O)NC2=O)C3)cn1,QTJACCWMEXHLNV-UHFFFAOYSA-N,Degrader
6119,CNc1cc(Nc2cccc(-c3ccc(C=O)cn3)c2F)nn2c(C(=O)N[C@@H]3C[C@@H]3F)cnc12,FKPLPRJIJYWADV-WMLDXEAASA-N,Warhead
20359,CN1CCN([C@@H]2CCCN(c3nnc(C(N)=O)c(Nc4ccc(N5CCN(CC6CCN(c7ccc(N8CCC(=O)NC8=O)cc7P(C)(C)=O)CC6)CC5)c(F)c4)n3)C2)C1=O,BXORCDKDPCDEPH-SSEXGKCCSA-N,Degrader
14467,CC1=C(c2cccc(O)c2)C(c2ccc(/C=C\CNCCCCCCCCCSCCCC(F)(F)C(F)(F)F)cc2)Oc2ccc(O)cc21,VZNBQXPHZAYTNX-BENRWUELSA-N,Molecular Glue
13199,O=C1CCC(N2C(=O)c3ccc(OCCCN4CCC5(CC4)CN(c4ncc(-c6ccc7c(c6)[nH]c6ccncc67)cc4F)C5)cc3C2=O)C(=O)N1,WFZPZJZFNFVDCO-UHFFFAOYSA-N,PROTAC
5371,O=C(O)Cn1c2ccccc2c2cccc(CO)c21,LBRJPUWIGVCLGW-UHFFFAOYSA-N,Warhead
17375,Cn1c(=O)n(C2CCC(=O)NC2=O)c2ccc(F)c(C3CCN(C[C@H]4C[C@H](n5cc6cc(NC(=O)c7cccc(C(F)(F)F)n7)ncc6n5)C4)CC3)c21,SDZFKKRGVXKLLQ-OAFSWBPASA-N,PROTAC
11024,CN(CC1CCN(c2ccc3c(c2)C(=O)N(C2CCC(=O)NC2=O)C3=O)CC1)[C@H]1CCN(c2ccc(C(=O)N[C@H]3C(C)(C)[C@H](Oc4ccc(C#N)c(Cl)c4)C3(C)C)cc2)C1,QQOQMSYAQPBWOF-VDPVCMKWSA-N,PROTAC
25258,Cc1ccc2nc(-c3ccc(NCCOCCOCCNC(=O)[C@H](CC(C)C)NC(=O)[C@@H](O)[C@H](N)Cc4ccccc4)cc3)sc2c1,OILBTTNZPXJVJN-QBACOJCQSA-N,PROTAC
22735,CNC(=O)c1cnc(Nc2ccc(C(=O)NCCOCCOCCOCCOCCOCCOCCc3cccc4c3n(C)c(=O)n4C3CCC(=O)NC3=O)cn2)cc1Nc1cncc(-c2ncc(F)cn2)c1OC,BWHMXDUSGSLZJK-UHFFFAOYSA-N,Degrader
17929,N#Cc1ccc(O[C@H]2CC[C@H](NC(=O)c3ccc(N4CCC(CN5CC6(CCN(c7ccc8nnn(C9CCC(=O)NC9=O)c(=O)c8c7)CC6)C5)CC4)nc3)CC2)cc1Cl,WUXBGAZYPXXTOS-GCVZDEPESA-N,PROTAC
777,[2H]N[C@H]1C[C@H](OC2CCN([C@H](C)C([2H])=O)CC2)C1,XUFZOVWRVKWIQR-VSYWTBJISA-N,Linker
10769,Cc1ncsc1-c1ccc(CNC(=O)[C@@H]2C[C@@H](O)CN2C(=O)[C@@H](c2cc(OCCO[C@H]3C[C@@H](NC(=O)C[C@@H]4N=C(c5ccc(Cl)cc5)c5c(sc(C)c5C)-n5c(C)nnc54)C3)no2)C(C)C)cc1,IQTLISLUODYFSF-ZKDNANFQSA-N,PROTAC
10456,Cc1ncsc1-c1ccc(CNC(=O)[C@@H]2C[C@@H](O)CN2C(=O)[C@H](C(C)C)N2Cc3ccccc3C2=O)c(OCCOCCOCCOCCOCCNC(=O)C[C@@H]2N=C(c3ccc(Cl)cc3)c3c(sc(C)c3C)-n3c(C)nnc32)c1,POLVXAINRGLLAG-NSNNJSSMSA-N,PROTAC
7465,Cc1ncsc1-c1ccc(CNC(=O)[C@@H]2C[C@@H](O)CN2C(=O)[C@@H](NC(=O)CO[C@H](C)CCCOc2ccc(-c3ccc(N4C(=S)N(c5ccc(C#N)c(C(F)(F)F)c5)C(=O)C4(C)C)cc3)cc2)C(C)(C)C)cc1,NXKBMQSPNTZEFK-HILVCIFUSA-N,PROTAC
9702,CCN(CC)[C@@H]1CCC[C@@H]1Oc1ccc2c(c1F)CN(C1CCC(=O)NC1=O)C2=O,NCLOGLANPBMQGM-SKQWJGTPSA-N,Molecular Glue
14776,CCc1cc(Nc2ncc(Br)c(Nc3ccc4nccnc4c3P(C)(C)=O)n2)c(OC)cc1N1CCC(N2CCN(CCC3CCN(c4ccc(NC5CCC(=O)NC5=O)c(C)c4)CC3)CC2)CC1,LEQULDZRKRHGKN-UHFFFAOYSA-N,PROTAC
20424,CC(C)[C@@H](CS(=O)(=O)C(C)C)N1C(=O)[C@@](C)(CC(=O)Nc2ccc(C(=O)NCCOCCOCCOCCNc3cccc4c3C(=O)N(C3CCC(=O)NC3=O)C4=O)cc2)C[C@H](c2cccc(Cl)c2)[C@H]1c1ccc(Cl)cc1,FNSQIFRNNVPKLD-DHQOHBIASA-N,Degrader
14454,Cn1c(=O)n(CCC(C)(C)O)c2cc(Nc3nc(N4CC(C)(C)OC(C)(C)C4)ncc3Cl)ccc21,BGCPLWWYPZAURQ-UHFFFAOYSA-N,Molecular Glue
798,[2H]CCCCCCOCC[2H],ZXHQLEQLZPJIFG-QDNHWIQGSA-N,Linker
6581,CCc1ccc(NS(=O)(=O)c2ccc(CCN)cc2)c2[nH]cc(C#N)c12,PUZHCSDXEDRCQV-UHFFFAOYSA-N,E3 Binder
22803,CNC(=O)c1cnc(Nc2ccc(C(=O)NCCCCc3cccc4c3n(C)c(=O)n4C3CCC(=O)NC3=O)cn2)cc1Nc1ccccc1,UCZVRJWDAYVPGT-UHFFFAOYSA-N,Degrader
343,[2H]CC#CC#CC[2H],PCTCNWZFDASPLA-QDNHWIQGSA-N,Linker
17300,O=C1CCN(c2cncc3c(C4CCN(C[C@H]5CC[C@H](n6cc7cc(NC(=O)c8cccc(C(F)(F)F)n8)ccc7n6)CC5)CC4)cccc23)C(=O)N1,DCKVFMWKAFCOJY-XBTDCMMSSA-N,PROTAC
24081,CN(C)CCOCCOCCOCC=O,XIYHPYYBZAEMNR-UHFFFAOYSA-N,Linker
23722,COc1cc(COC(=O)Nc2ccc(C)c(OC(F)F)c2)cc2c1CN(C1CCC(=O)NC1=O)C2=O,MXKTXUKDEWLXCM-UHFFFAOYSA-N,Degrader
11319,CC1(C)[C@H](NC(=O)c2ccc(N3CC(CN4CCN(c5ccc6c(c5)C(=O)N(C5CCC(=O)NC5=O)C6=O)CC4)C3)nn2)C(C)(C)[C@H]1Oc1ccc(C#N)c(Cl)c1,LWEQGKDYIXNHKX-FLTDQQQMSA-N,PROTAC
18036,Cc1ncsc1-c1ccc(CNC(=O)[C@@H]2C[C@@H](O)CN2C(=O)[C@@H](NC(=O)COCCCCOc2c(F)cc(-c3ncc(N4C(=S)N(c5ccc(C#N)c(C(F)(F)F)c5F)C(=O)C4(C)C)cc3F)cc2F)C(C)(C)C)cc1,FXHXHLCFRKWMGP-BPYKZACZSA-N,PROTAC
17236,COc1cc2nn([C@H]3CC[C@H](CN4CCC5(CC4)CC(CNc4cccc6c4C(=O)N(C4CCC(=O)NC4=O)C6=O)C5)CC3)cc2cc1NC(=O)c1cccc(C(C)(F)F)n1,REZDTDYVKNUEMB-JWAHUVIYSA-N,PROTAC
18799,CNC(=O)COc1cc2cc(Nc3nc(N4CCC(O[C@H]5C[C@H](N6CC7(CCN(c8ccc9c(c8)C(=O)N(C8CCC(=O)NC8=O)C9=O)C7)C6)C5)CC4)ncc3Cl)ccc2n(C(C)C)c1=O,YVUVEZWDIRCSSY-GUJMKDNBSA-N,PROTAC
13289,Cc1ncsc1-c1ccc(CNC(=O)[C@@H]2C[C@@H](O)CN2C(=O)[C@@H](NC(=O)COCCCOCCOc2ccc([C@@H]3c4[nH]c5ccccc5c4C[C@@H](C)N3CC(F)F)nc2)C(C)(C)C)cc1,GOMPJGMYOQTLPG-VYDQWBLYSA-N,PROTAC
12417,CN(C(=O)c1ccc(Nc2ncnc3c2CCN(c2ccc(C#N)c(Cl)c2)C3)nc1F)C1CCN(c2cc3c(cc2F)C(=O)N(C2CCC(=O)NC2=O)C3=O)CC1,SDWWWKIXIFGDSI-UHFFFAOYSA-N,PROTAC
9898,O=C1CCC(N2Cc3cc(C(=O)N[C@H](c4ccc(CN5CC(F)(F)C5)cc4)C(F)(F)F)ccc3C2=O)C(=O)N1,JXSWHKPHBDXDNZ-VGAJERRHSA-N,Molecular Glue
24116,CCCCCCCCCCN,MHZGKXUYDGKKIU-UHFFFAOYSA-N,Linker
25554,CS(=O)(=O)c1ccc(-c2cnc(NCc3ccco3)n3cnnc23)cc1,DYIRSNMPIZZNBK-UHFFFAOYSA-N,Warhead
18841,CNC(=O)COc1cc2cc(Nc3nc(N4CCC(O[C@H]5C[C@H](N6CC7(CCN(c8ccc9c(c8F)CN(C8CCC(=O)NC8=O)C9=O)CC7)C6)C5)CC4)ncc3Cl)ccc2n(C(C)C)c1=O,WWGQEYPSVQCJSC-PKVDSNIASA-N,PROTAC
25487,Cc1c(COc2cc(OCc3cccc(C#N)c3)c(CN3CCCCC3C(=O)NCCNC(=O)CCCC(=O)Nc3cccc4c3C(=O)N(C3CCC(=O)NC3=O)C4=O)cc2Cl)cccc1-c1ccccc1,IBGWLSYPVQSCKO-UHFFFAOYSA-N,PROTAC
12919,Cc1ncsc1-c1ccc([C@H](C)NC(=O)[C@@H]2C[C@@H](O)CN2C(=O)[C@@H](c2cc(N3CCN(CCO[C@H]4C[C@H](Oc5ccc(-c6ccc7c8cnccc8n(C)c7c6)cn5)C4)CC3)no2)C(C)C)cc1,BPIFVQMCAWMCJT-ZWCSVAHWSA-N,PROTAC
7385,Cc1ncsc1-c1ccc(CNC(=O)[C@@H]2C[C@@H](O)CN2C(=O)[C@@H](NC(=O)COCCCCCN(C)C(=O)CCCc2ccc(N3C(=S)N(c4ccc(C#N)c(C(F)(F)F)c4)C(=O)C3(C)C)cc2)C(C)(C)C)cc1,RNYJTOZRTYUWJP-GCXMMMFBSA-N,PROTAC
18613,CNC(=O)COc1cc2cc(Nc3nc(N4CCC(O[C@H]5C[C@H](N6CCC(c7ccc8c(c7Cl)CN(C7CCC(=O)NC7=O)C8=O)CC6)C5)CC4)ncc3Cl)ccc2n(C(C)C)c1=O,WMHLAKIECMVQJL-VVDHFOCHSA-N,PROTAC
5328,NCCc1cccc2ccccc12,RUJHATQMIMUYKD-UHFFFAOYSA-N,Warhead
14744,CCc1cc(Nc2ncc(Br)c(Nc3ccc4nccnc4c3P(C)(C)=O)n2)c(OC)cc1N1CCC(N2CCN(CCCOc3ccc(C4CCC(=O)NC4=O)c(C)c3)CC2)CC1,WMIONPGVPRORQD-UHFFFAOYSA-N,PROTAC
1166,[2H]CCCCN(C)CC(=O)NCCCCCCCC([2H])=O,BOEDFDASQHHODE-LVBFWXSNSA-N,Linker
24707,Cc1sc2c(c1C)C(c1ccc(Cl)cc1)=N[C@@H](CC(=O)NCCn1cc(COCCOCCOCCOCCOc3cccc4c3C(=O)N(C3CCC(=O)NC3=O)C4=O)nn1)c1nnc(C)n1-2,NQCJKUWEAOYMRX-CDRRMRQFSA-N,PROTAC
17688,COc1cc2nc([C@H]3CC[C@H](C(=O)N4CCN(CCCNc5cccc6c5C(=O)N(C5CCC(=O)NC5=O)C6=O)CC4)CC3)sc2cc1NC(=O)c1cccc(C(F)(F)F)n1,YWESVKNQJCMGFU-SOHZNPICSA-N,PROTAC
12543,Cc1nc(Nc2ncc(C(=O)Nc3c(C)cccc3Cl)s2)cc(N2CCN(C(=O)CCCCNc3cccc4c3C(=O)N(C3CCC(=O)NC3=O)C4=O)CC2)n1,AMMLOEMUGDHWEL-UHFFFAOYSA-N,PROTAC
8031,Cc1ncsc1-c1ccc(CNC(=O)[C@@H]2C[C@@H](O)CN2C(=O)[C@@H](NC(=O)CCCCCCC(=O)NCCC(=O)Nc2cc3cc(-c4cncc(N)c4C)c(F)c(N)c3cn2)C(C)(C)C)cc1,IUIATYDOULEXAM-JDDRDTRMSA-N,PROTAC
7900,Cc1ncsc1-c1ccc(CNC(=O)[C@@H]2C[C@@H](O)CN2C(=O)[C@@H](NC(=O)COCCOCCOc2ccc(C(=O)N[C@@H](C)Cn3ccc(-c4ccc(C#N)c(Cl)c4)n3)cc2)C(C)(C)C)cc1,NKECRMLYOQHHBA-PFOSDVPFSA-N,PROTAC
10846,CC1(C)[C@H](NC(=O)c2ccc(N3CCN(CCOCCOc4cccc5c4CN(C4CCC(=O)NC4=O)C5=O)CC3)nc2)C(C)(C)[C@H]1Oc1ccc(C#N)c(Cl)c1,ODRNFRFAJLLVQA-COLKGGAISA-N,PROTAC
15767,[2H]C([2H])(NC(=O)[C@@H]1C[C@@H](O)CN1C(=O)[C@@H](NC(=O)CN1CCN(CC2CCN(c3ccc(-c4cnc5[nH]cc(C(=O)c6c(F)ccc(NS(=O)(=O)N7CC[C@@H](F)C7)c6F)c5c4)cc3)CC2)CC1)C(C)(C)C)c1ccc(-c2scnc2C)cc1,VFBTUUJLKLFAQD-BBJFYSKKSA-N,PROTAC
2480,[2H]NCCOCCN1CCN(CCC([2H])=O)CC1,NCLWDGKDNXJUFX-PVHFZHPSSA-N,Linker
18331,CC(=O)c1c(C)c2cnc(Nc3ccc(N4CCN(CCOCCC(=O)Nc5cccc6c5C(=O)N(C5CCC(=O)NC5=O)C6=O)CC4)cn3)nc2n(C2CCCC2)c1=O,OTMRTSQZVGZQCG-UHFFFAOYSA-N,PROTAC
19285,N#CCc1ccc(Nc2nc(Nc3cc(C4CC4)[nH]n3)cc(C(=O)NCc3cn(CCOCCOCCOCCOCCNC(=O)COc4cccc5c4C(=O)N(C4CCC(=O)NC4=O)C5=O)nn3)n2)cc1,COFWPPCOFMCWAL-UHFFFAOYSA-N,PROTAC
4309,Clc1ccccc1CNc1ncnc2[nH]c(-c3ccc(CCCN4CCNCC4)cc3)cc12,AOTYRCQMBVNFDB-UHFFFAOYSA-N,Warhead
11530,COc1cc(N2CCN(CCOCCOCCOCCOCCOc3ccc4c(c3)C(=O)N(C3CCC(=O)NC3=O)C4=O)CC2)ccc1Nc1ncc(-c2cnn(C)c2)c(-c2cn3c4c(cccc24)CCC3)n1,LDFQJTZQBXDTIS-UHFFFAOYSA-N,PROTAC
6834,COCCOCCOCCOCCOCCOCCOCCOCC(=O)O[C@@H]1C[C@@H](C(=O)NCc2ccc(-c3scnc3C)cc2)N(C(=O)[C@@H](N)C(C)(C)C)C1,RPLIAWWEEWEIMG-RWTOGVPBSA-N,E3 Binder
24595,COc1cc(Nc2c(C#N)cnc3cc(OCCCN4CCN(CCCCCCOCCCCCOCCCCCC(=O)Nc5cccc6c5C(=O)N(C5CCC(=O)NC5=O)C6=O)CC4)c(OC)cc23)c(Cl)cc1Cl,CDTZGURPZDTZAF-UHFFFAOYSA-N,PROTAC
24228,NCCCCNC(=O)COc1ccc(N)cc1,QNIFQFVCBGJOTR-UHFFFAOYSA-N,Linker
14364,CN(CCOc1ccc(/C(=C(/CCCl)c2ccccc2)c2ccccc2)cc1)C(=O)CCOCCOCCOCCOCCSc1cccc2c1C(=O)N(C1CCC(=O)NC1=O)C2=O,MUGWKYNZQXDIRF-UCJQHMLASA-N,PROTAC
5400,NC(=O)c1ncc(N2CCCC(N3CCN(C4COC4)C3=O)C2)nc1Nc1ccccc1,QRVRPOJDHIKROC-UHFFFAOYSA-N,Warhead
15841,Cc1ncsc1-c1ccc(Cc2cnc([C@@H]3C[C@@H](O)CN3C(=O)[C@@H](NC(=O)CN3CCN(CC4CCN(c5ccc(-c6cnc7[nH]cc(C(=O)c8c(F)ccc(NS(=O)(=O)N9CC[C@@H](F)C9)c8F)c7c6)cc5)CC4)CC3)C(C)(C)C)s2)cc1,RWAVWUBUWDIFAH-WSHDOPMGSA-N,PROTAC
20098,CC(=O)N1CCc2c(c(N3CCCc4cc(-c5cnn(C)c5)c(C(F)F)cc43)nn2C2CCN(C(=O)CCCCCCNc3cccc4nc(C)n(C5CCC(=O)NC5=O)c(=O)c34)CC2)C1,JJAUHAFPCIGDHV-UHFFFAOYSA-N,Degrader
20181,NC(=O)c1ncc(N2CCCC(N3CCN(C4COC4)C3=O)C2)nc1Nc1ccc(N2CC3(C2)CN(c2ccc4c(c2)C(=O)N(C2CCC(=O)NC2=O)C4=O)C3)cc1,NFBPRCNRAJERMR-UHFFFAOYSA-N,Degrader
11935,CC(=O)c1c(C)c2cnc(Nc3ccc(N4CCN(C(=O)CC(=O)N[C@H](C(=O)N5C[C@H](O)C[C@H]5C(=O)NCc5ccc(-c6scnc6C)cc5)C(C)(C)C)CC4)cn3)nc2n(C2CCCC2)c1=O,UZFHXYKOSGPEJT-REFPDJPYSA-N,PROTAC
23790,CCCCCn1cc(COCCOCC)nn1,DNBAAPFBULJGSQ-UHFFFAOYSA-N,Linker
7604,Cc1ncsc1-c1ccc(CNC(=O)[C@@H]2C[C@@H](O)CN2C(=O)[C@@H](NC(=O)COCCCOC2CCN(C(=O)c3ccc(N4C(=S)N(c5ccc(C#N)c(C(F)(F)F)c5)C(=O)C4(C)C)cc3)CC2)C(C)(C)C)cc1,IJABCJOUJBLZSI-UMWCMSNQSA-N,PROTAC
19647,O=C1CCC(N2Cc3cc(C4CCN(Cc5cccc6ncnn56)CC4)ccc3C2=O)C(=O)N1,DCULZZKWTBEREG-UHFFFAOYSA-N,Molecular Glue
17492,CC(C)Nc1cc(-n2ccc3cc(F)cnc32)ncc1C(=O)N[C@H]1CC[C@H](CN2CCN(c3ccc4c(c3)n(C)c(=O)n4C3CCC(=O)NC3=O)CC2)CC1,RGPQLIZGAPZBJM-QZQSMBEPSA-N,PROTAC
20851,C[C@H]1CC2(CCN(c3ccc(CN4CC(N5CCN(c6cc7c(cc6F)C(=O)N(C6CCC(=O)NC6=O)C7=O)CC5)C4)nc3)CC2)CN1c1ccc(C#N)c(Cl)c1,ABRXKHJSKXHNKE-FDLYHPRCSA-N,Degrader
14524,CC1=C(c2cccc(O)c2)C(c2ccc(/C=C\CN3CCC(CF)(CF)C3)cc2)Oc2ccc(O)cc21,WFMNHBBWZRKXIF-ARJAWSKDSA-N,Molecular Glue
2750,[2H]CN1CC2(CN([2H])C2)C1,ALPTZPFVGLVIKK-PFUFQJKNSA-N,Linker
23299,Cc1cccc(C)c1NC(=O)NCc1ccc2c(c1)C(=O)N(C1CCC(=O)NC1=O)C2,FGCBEVMAIRNZQW-UHFFFAOYSA-N,Degrader
19484,O=C1CCC(N2Cc3cc(NC(=O)C[C@H]4CC[C@H](NC(=O)NCc5cccc6ccccc56)CC4)ccc3C2=O)C(=O)N1,SKKLBWIRXHKYHZ-FCEFYBLJSA-N,PROTAC
14766,CCc1cc(Nc2ncc(Br)c(Nc3ccc4nccnc4c3P(C)(C)=O)n2)c(OC)cc1N1CCC(N2CCN(CCCn3nc(C)c(C4CCC(=O)NC4=O)c3C)CC2)CC1,OSHTZURJYUQDLR-UHFFFAOYSA-N,PROTAC
11001,CC1(C)[C@H](NC(=O)c2ccc(N3CCC(CN4CCN(c5ccc6c(c5)C(=O)N(C5CCC(=O)NC5=O)C6=O)CC4)CC3)c(F)c2)C(C)(C)[C@H]1Oc1ccc(C#N)c(Cl)c1,NLCQPWJTQTWYAQ-JABICJEXSA-N,PROTAC
25449,Cc1ccc(C(=O)Nc2ccc(CN3CCN(C(=O)CCCc4cn(CCOCCOCCNc5cccc6c5C(=O)N(C5CCC(=O)NC5=O)C6=O)nn4)CC3)c(C(F)(F)F)c2)cc1C#Cc1cnc2cccnn12,ZFZXSTQIIIMNAX-UHFFFAOYSA-N,PROTAC
24285,CCOCCOCCn1cc(C(N)=O)nn1,VIPMOOADDACLIH-UHFFFAOYSA-N,Linker
13996,COc1cc(N2CCC(NC(=O)COCCSc3cccc4c3C(=O)N(C3CCC(=O)NC3=O)C4=O)CC2)ccc1Nc1ncc(Cl)c(Nc2ccccc2P(C)(C)=O)n1,OMAPKFHIRONILI-UHFFFAOYSA-N,PROTAC
7179,O=C1CCC(N2CCc3ccccc3C2=O)C(=O)N1,PMOAUWYNOWSKNO-UHFFFAOYSA-N,E3 Binder
19739,O=C1CCC(N2Cc3cc(C4CCN(CC(F)F)CC4)ccc3C2=O)C(=O)N1,IWRAEVCQUNPGEK-UHFFFAOYSA-N,Molecular Glue
1350,[2H]CC#Cc1ccc(O[C@H]2C[C@H](O[2H])C2)cn1,MPOGYBYKGWLJEH-CAEBVCTJSA-N,Linker
20595,COc1ccc2c(c1C1CCN(C[C@H]3CC[C@H](NC(=O)[C@@H]4NC5(CCCCC5)[C@@]5(C(=O)Nc6cc(Cl)ccc65)[C@H]4c4cccc(Cl)c4F)CC3)CC1)n(C)c(=O)n2C1CCC(=O)NC1=O,RZFBLEXNHOIXBY-QBYNTKDRSA-N,Degrader
15188,CCc1ccc2c(P(C)(C)=O)c(Nc3nc(Nc4cc(CC)c(N5CCC(N6CCN(CCc7cc(F)c([C@H]8CCC(=O)NC8=O)c(F)c7)CC6)CC5)cc4OC)ncc3Br)ccc2n1,KVTIKZGHJGFAAG-UUWRZZSWSA-N,PROTAC
18942,CC/C(=C(\c1ccccc1)c1ccc(OCCN(C)C(=O)CCOCCOCCOCCNc2cccc3c2C(=O)N(C2CCC(=O)NC2=O)C3=O)cc1)c1ccccc1,ZFLAUVOBFZBWIJ-KRVRMENKSA-N,PROTAC
14104,CN(CCOc1ccc(/C(=C(/CCCl)c2ccccc2)c2ccccc2)cc1)C(=O)CSc1cccc2c1C(=O)N(C1CCC(=O)NC1=O)C2=O,BPEDTRZJDVETJE-BBTNWVSFSA-N,PROTAC
23630,CC(C)(C)OC(=O)NC12CC(NC(=O)OCc3ccc4c(c3)C(=O)N(C3CCC(=O)NC3=O)C4)(C1)C2,XSUCVNQSYSLVFZ-UHFFFAOYSA-N,Degrader
7230,COc1ccccc1N1CCC(=O)NC1=O,PCUUMCBQIMQBTC-UHFFFAOYSA-N,E3 Binder
15061,CCc1cc(Nc2ncc(Br)c(Nc3ccc4nccnc4c3P(C)(C)=O)n2)c(OC)cc1N1CCC(N2CCC(NCCc3cc(F)c(C4CCC(=O)NC4=O)c(F)c3)CC2)CC1,PGKMCGHADJSQQF-UHFFFAOYSA-N,PROTAC
13702,NC(=O)c1c(-c2ccc(Oc3ccc(Cl)cn3)cc2)nn([C@@H]2CCN(C3CN(C4CN(c5ccc6c(c5)C(=O)N(C5CCC(=O)NC5=O)C6=O)C4)C3)C[C@H]2F)c1N,NSESOJXYKQPLGB-HPSQJEMFSA-N,PROTAC
22644,CCN(c1cc(-c2ccc(OCCCN3CCN(c4ccc5c(c4)C(=O)N(C4CCC(=O)NC4=O)C5=O)CC3)cc2)cc(C(=O)NCc2c(C)cc(C)[nH]c2=O)c1C)C1CCOCC1,LLUMTOBXWAZVNS-UHFFFAOYSA-N,Degrader
5425,CCN1CCN(C2CCCN(c3nnc(C(N)=O)c(Nc4ccccc4)n3)C2)C1=O,JSVJNQHXKSCHFQ-UHFFFAOYSA-N,Warhead
23137,CNc1cc(Nc2cccc(-c3ccc(CN4CC5(C4)CN(c4ccc(-c6ccc7c(c6)n(C)c(=O)n7C6CCC(=O)NC6=O)cc4)C5)cn3)c2)nn2c(C(=O)N[C@@H]3C[C@@H]3F)cnc12,QXZBRAANCCTSHV-HYPKXSETSA-N,Degrader
22850,CNc1cc(Nc2cccn(-c3cc(C(=O)NCCCCc4ccc5c(c4)n(C)c(=O)n5C4CCC(=O)NC4=O)ccn3)c2=O)nn2c(C(=O)N[C@@H]3C[C@@H]3F)cnc12,ILQJSQWCZNPWRD-ZZRPCJPRSA-N,Degrader
20491,Cn1c(=O)n(C2CCC(=O)NC2=O)c2ccc(C#CC3CCN(C(=O)C45CCC(NC(=O)[C@@H]6NC7(CCCCC7)[C@@]7(C(=O)Nc8cc(Cl)ccc87)[C@H]6c6cccc(Cl)c6F)(CC4)CC5)CC3)cc21,YSXYSNGHXZKJKQ-ORZOSZROSA-N,Degrader
21058,COc1cc(N2CCN(CCCN3CCC(c4ccc(NC5CCC(=O)NC5=O)cc4)CC3)CC2)ccc1Nc1ncc(Cl)c(Nc2ccccc2C(C)=O)n1,BJUDABRXCNIJJR-UHFFFAOYSA-N,Degrader
10954,CC1(C)[C@H](NC(=O)c2ccc(CCCCN3CCC(Oc4ccc5c(c4)C(=O)N(C4CCC(=O)NC4=O)C5=O)CC3)nc2)C(C)(C)[C@H]1Oc1ccc(Cl)c(C#N)c1,QEIAUINVUMCIQS-RPINAMIVSA-N,PROTAC
7745,Cc1ncsc1-c1ccc([C@H](C)NC(=O)[C@@H]2C[C@@H](O)CN2C(=O)[C@H](C(C)C)n2cc(OCCCOCCCCCOc3ccc(N4C(=S)N(c5ccc(C#N)c(C(F)(F)F)c5)C(=O)C4(C)C)cc3)cn2)cc1,IALSNQKTROYVOK-DIEAYKLYSA-N,PROTAC
19470,CN(CCc1ccc(Cl)cc1Cl)Cc1ccc(CNCc2ccc3c(c2)C(=O)N(C2CCC(=O)NC2=O)C3=O)cc1,FQJFTUXNBSMZHM-UHFFFAOYSA-N,PROTAC
4248,N#Cc1ccc(O[C@H]2CC[C@@H](NC(=O)c3ccc(F)cc3)CC2)cc1Cl,NCZTUMYYXYYTKA-CALCHBBNSA-N,Warhead
11153,CC1(C)[C@H](NC(=O)c2ccc(CCCC3CN(c4ccc5c(c4)C(=O)N(C4CCC(=O)NC4=O)C5=O)C3)cc2)C(C)(C)[C@H]1Oc1ccc(C#N)c(Cl)c1,GPYATRLYKNRTPK-GFYKNJBQSA-N,PROTAC
17325,COc1cc2nn([C@H]3CC[C@H](CN4CCC(c5cccc6c5n(C)c(=O)n6C5CCC(=O)NC5=O)CC4)CC3)cc2cc1NC(=O)c1cncc(Cl)c1,RHHWWMADYYASMR-GUOWWYKGSA-N,PROTAC
10226,CC1N(c2ccc(C#N)c(C(F)(F)F)c2)CCC12CCN(c1ccc(C(=O)N3CCN(C4CCN(c5ccc6c(c5)C(=O)N(C5CCC(=O)NC5=O)C6=O)CC4)CC3)cc1)CC2,YQRRRDAIMFOZOO-UHFFFAOYSA-N,PROTAC
8045,Cc1c(N)cncc1-c1cc2cc(NC(=O)CCCC(=O)NCCCCCCCCNc3cccc4c3C(=O)N(C3CCC(=O)NC3=O)C4=O)ncc2c(N)c1F,YCUNKBIHAWCQAP-UHFFFAOYSA-N,PROTAC
24276,CC(=O)NCCCCCCN,WRJPJZTWQTUPQK-UHFFFAOYSA-N,Linker
12319,Cc1sc2c(c1C)C(c1ccc(Cl)cc1)=N[C@@H](CC(=O)NCCCCOCCOc1cccc3c1C(=O)N(C1CCC(=O)NC1=O)C3=O)c1nnc(C)n1-2,BNBYEERTQBEAPM-QBHOUYDASA-N,PROTAC
24264,NCCOCCOCCNC(=O)CO,YSTUQSIFXBNAOT-UHFFFAOYSA-N,Linker
22012,C[C@@H]1CN(CCOc2ccc(N3C(=S)N(c4cnc(C#N)c(C(F)(F)F)c4)C(=O)C3(C)C)cc2C2CCC2)C[C@H](C)N1CC(=O)Nc1cccc(NC2CCC(=O)NC2=O)c1,NZAOAVZDHKXFES-BYGMXFQISA-N,Molecular Glue
23181,CNc1cc(N2CCc3c(-c4ccc(CN5CCN([C@H]6CC[C@H](c7ccc(-c8ccc9c(c8)n(C)c(=O)n9C8CCC(=O)NC8=O)cc7)CC6)CC5)cn4)cccc32)nn2c(C(=O)N[C@@H]3C[C@@H]3F)cnc12,PFMJPRWFCLGBIE-RKPCSVNRSA-N,Degrader
15207,CCc1ccc2c(P(C)(C)=O)c(Nc3nc(Nc4cc(CC)c(N5CCC(N6CCN(CC7CN(c8cc(F)c(C9CCC(=O)NC9=O)c(F)c8)C7)CC6)CC5)cc4OC)ncc3Br)ccc2n1,OBLWEGYAPPWWER-UHFFFAOYSA-N,PROTAC
19639,O=C1CCC(N2Cc3cc(C4CCN(Cc5cc[nH]c5)CC4)ccc3C2=O)C(=O)N1,LTLCETZUQJLBQH-UHFFFAOYSA-N,Molecular Glue
6402,O=C1CCC(N2Cc3c(F)cccc3C2=O)C(=O)N1,RSDXKDVFVKDIFY-UHFFFAOYSA-N,E3 Binder
12291,CC[C@H](C(=O)N1CCCC[C@H]1C(=O)O[C@H](CCc1ccc(OC)c(OC)c1)c1cccc(OCC(=O)NCCOCCOCC(=O)N[C@H](C(=O)N2C[C@H](O)C[C@H]2C(=O)NCc2ccc(-c3scnc3C)cc2)C(C)(C)C)c1)c1cc(OC)c(OC)c(OC)c1,XZUTXYRVCIMDFO-VKDRMGNFSA-N,PROTAC
12763,O=C1CCC(N2C(=O)c3ccc(N4CCN(CCCc5ccc(O[C@H]6C[C@H](Oc7ccc(-c8ccc9c(c8)[nH]c8ccncc89)cn7)C6)cn5)CC4)cc3C2=O)C(=O)N1,LAXWYRXDDLDAOC-MBESJUTMSA-N,PROTAC
10998,CC1(C)[C@H](NC(=O)c2ccc(N3CCC(CCN4CCN(c5ccc6c(c5)C(=O)N(C5CCC(=O)NC5=O)C6=O)CC4)CC3)cc2)C(C)(C)[C@H]1Oc1ccc(C#N)c(Cl)c1,MAWNACARHMWGEN-CKLCFHENSA-N,PROTAC
23636,O=C1CCC(N2Cc3ccc(COC(=O)NC45CC(CF)(C4)C5)cc3C2=O)C(=O)N1,OYALNAVDZIHWSA-UHFFFAOYSA-N,Degrader
17258,Cn1c(=O)n(C2CCC(=O)NC2=O)c2cc(F)cc(C3CCN(C[C@H]4CC[C@H](n5cc6cc(NC(=O)c7cccc(C(F)(F)F)n7)c(F)cc6n5)CC4)CC3)c21,BLCLXSSNJFAYAE-YDDVGFCVSA-N,PROTAC
16491,C=CC(=O)N1CCN(c2nc(OC[C@@H]3C[C@@H](OCCOc4cc(-c5scnc5C)ccc4CNC(=O)[C@@H]4C[C@@H](O)CN4C(=O)[C@@H](c4cc(C)no4)C(C)C)CN3C)nc3c2CCN(c2cccc4ccccc24)C3)C[C@@H]1CC#N,GMCMOFQEKLTMSV-GLUBQHSKSA-N,PROTAC
19279,Cc1ncsc1-c1ccc(CNC(=O)[C@@H]2C[C@@H](O)CN2C(=O)[C@@H](NC(=O)CCOCCOCCn2cc(CNC(=O)c3cc(Nc4cc(C5CC5)[nH]n4)nc(Nc4ccc(CC#N)cc4)n3)nn2)C(C)(C)C)cc1,MZRDBYXCGMLWBF-XZXJPCOESA-N,PROTAC
13269,Cc1ncsc1-c1ccc(CNC(=O)[C@@H]2C[C@@H](O)CN2C(=O)[C@@H](NC(=O)COCCCCCCCOc2ccc([C@@H]3c4[nH]c5ccccc5c4C[C@@H](C)N3CC(F)F)nc2)C(C)(C)C)cc1,VQTWASKERAEOES-VBYFQCDDSA-N,PROTAC
13351,Cc1ncsc1-c1ccc(CNC(=O)[C@@H]2C[C@@H](O)CN2C(=O)[C@@H](NC(=O)COCCCCOCCCOc2cc(F)c([C@@H]3c4[nH]c5ccccc5c4C[C@@H](C)N3CC(C)(C)F)c(F)c2)C(C)(C)C)cc1,IGXHVQLSRYSLQN-HYMKUFGSSA-N,PROTAC
2396,[2H]C(=O)CN1CCN(C[C@H]2CN(c3ccc([2H])cc3)CCO2)CC1,AJDXFPNYJBRBLW-BLAYITODSA-N,Linker
14557,Cc1ncsc1-c1ccc(CNC(=O)[C@@H]2C[C@@H](O)CN2C(=O)[C@@H](NC(=O)COCCOCCOCCOCCN2CCN(c3ccn4c(n3)nc3ccccc34)CC2)C(C)(C)C)cc1,RVNNPHJHLAWJTE-DRTKLYQKSA-N,PROTAC
10194,CC1(C)CN(c2ccc(C#N)c(Cl)c2)CC12CCN(c1ccc(C(=O)N3CCN(CC4CCN(c5ccc6c(c5)C(=O)N(C5CCC(=O)NC5=O)C6=O)CC4)CC3)cc1)CC2,UZRKNXZMSNESPZ-UHFFFAOYSA-N,PROTAC
8509,O=C1CCC(N2C(=O)c3ncc(N4CCN(CCCCCOc5ccc([C@@H]6c7ccc(O)cc7CC[C@@H]6c6ccc(F)cc6)cc5)CC4)nc3C2=O)C(=O)N1,WOLUVEPQHBYMBU-LVUFJOMYSA-N,PROTAC
4385,Cc1nc2c(F)cc(-c3nc(Nc4ccc(CN5CCNCC5)cn4)ncc3F)cc2n1C(C)C,IXGZDCRFGCEEBU-UHFFFAOYSA-N,Warhead
20919,COc1cc(N2CCN(C(=O)CN3CCN(c4cnn(C5CCC(=O)NC5=O)c(=O)c4)CC3)CC2)ccc1Nc1ncc(C(F)(F)F)c(Nc2ccccc2)n1,SXVPQXFFUFHWMQ-UHFFFAOYSA-N,Degrader
14722,Cn1c2ccncc2c2ccc(-c3ccc(O[C@H]4C[C@H](OC5CCN(c6ccnc(C#CC(C)(C)Oc7ccc8c(c7)CN(C7CCC(=O)NC7=O)C8=O)n6)CC5)C4)nc3)cc21,LMQLFGXFWAAIFA-XWCQTXCCSA-N,PROTAC
18815,CNC(=O)COc1cc2cc(Nc3nc(N4CCC(O[C@H]5C[C@H](N6CCC7(CC6)CN(c6ccc8c(c6)CN(C6CCC(=O)NC6=O)C8=O)C7)C5)CC4)ncc3Cl)ccc2n(C(C)C)c1=O,GGKFERDCYZUUMX-ZRVPOTKJSA-N,PROTAC
249,[2H]CCCCC(=O)NCC[2H],ZOQTYYYRQHZQAR-QDNHWIQGSA-N,Linker
6173,CC(=O)NCC(=O)N1C[C@H](O)C[C@H]1C(=O)NCc1ccc(-c2scnc2C)cc1O,LPLIIZQWLRYRDD-CVEARBPZSA-N,E3 Binder
6865,Cc1ncsc1-c1ccc([C@H](C)NC(=O)[C@@H]2C[C@H](O)CN2C(=O)[C@H](c2ccno2)C(C)C)cc1,AEGZCFBRSAPXRD-CUBKBFNLSA-N,E3 Binder
5952,CCCCC1=C(c2ccc(O)cc2)c2ccc3[nH]nc(F)c3c2CCC1,AYZXKRYPVIHXNP-UHFFFAOYSA-N,Warhead
19764,Cc1cc(CN2CCC(c3ccc4c(c3)CN(C3CCC(=O)NC3=O)C4=O)CC2)on1,YTXUWRWNBJRVBT-UHFFFAOYSA-N,Molecular Glue
20532,O=C1CCN(c2cnc3cc(C#CC4CCN(C[C@H]5CC[C@H](NC(=O)[C@@H]6NC7(CCCCC7)[C@@]7(C(=O)Nc8cc(Cl)ccc87)[C@H]6c6cccc(Cl)c6F)CC5)CC4)ccn23)C(=O)N1,LUGBYLMPVKJRQG-KJPFBPCNSA-N,Degrader
25231,Cc1nc(Nc2ncc(C(=O)Nc3c(C)cccc3Cl)s2)cc(N2CCN(CCCCCOc3ccc(/N=N/c4ccc(C(=O)Nc5cccc6c5CN(C5CCC(=O)NC5=O)C6=O)cc4)cc3)CC2)n1,OGTSSFRBYDKZEX-OGAWRBAASA-N,PROTAC
6875,CC(=O)N[C@H](C(=O)N1C[C@H](O)C[C@H]1C(=O)N[C@@H](C)c1ccc(-c2ccnn2C)cc1)C(C)(C)C,IBQHYEMYWMEGSC-YWASFDNLSA-N,E3 Binder
10770,Cc1ncsc1-c1ccc([C@H](C)NC(=O)[C@@H]2C[C@@H](O)CN2C(=O)[C@@H](NC(=O)CCOCCN2CCN(C(=O)C[C@@H]3N=C(c4ccc(Cl)cc4)c4c(sc(C)c4C)-n4c(C)nnc43)CC2)C(C)(C)C)cc1,OHLKNGXUTSGHKB-OPKAXJPYSA-N,PROTAC
14927,CCc1cc(Nc2ncc(Br)c(Nc3ccc4nc(C)ccc4c3P(C)(C)=O)n2)c(OC)cc1N1CCC(N2CCN(C(=O)[C@@H]3CCN(c4cc(F)c(C5CCC(=O)NC5=O)c(F)c4)C3)CC2)CC1,WXIGPEVGIONDEY-ZCODOFFGSA-N,PROTAC
813,[2H]CCCCn1cc2c(n1)CN([2H])C2,YSQBIGSIDMIDNT-PFUFQJKNSA-N,Linker
13357,CC[C@H](C)[C@H](N)C(=O)O[C@@H]1C[C@@H](C(=O)NCc2ccc(-c3scnc3C)cc2)N(C(=O)[C@@H](NC(=O)COCCOCCOCCOc2cc(F)c([C@@H]3c4[nH]c5ccccc5c4C[C@@H](C)N3CC(C)(C)F)c(F)c2)C(C)(C)C)C1,ICDNKKUARVIGHB-BUFILXOISA-N,PROTAC
491,[2H]CC1(OC)CN([2H])C1,NLQOJPCZZYNBFZ-PFUFQJKNSA-N,Linker
14934,COc1cc(N2CCC(N3CCN(CCC4CCN(c5cc(F)c(C6CCC(=O)NC6=O)c(F)c5)CC4)CC3)CC2)c(C)cc1Nc1ncc(Br)c(Nc2ccc3nccnc3c2P(C)(C)=O)n1,SNLAAPVKLKFQAY-UHFFFAOYSA-N,PROTAC
14120,O=C(CCCCCSc1cccc2c1CN(C1CCC(=O)NC1=O)C2=O)NCCOc1ccc(/C(=C(/CCCl)c2ccc(O)cc2)c2ccccc2)cc1,XTNYXVWZNALICP-HSRGEJEPSA-N,PROTAC
20706,C[C@H]1CC2(CCN(c3ccc(C(=O)N4CCC(CN5Cc6cc7c(cc6C5)C(=O)N([C@H]5CCC(=O)NC5=O)C7=O)CC4)cc3)CC2)CN1c1ccc(C#N)c(Cl)c1,GAXWAKXJBZHVQF-HQIXAVTHSA-N,Degrader
13845,COC(=O)C[C@@H]1N=C(c2ccc(-c3ccc(C(=O)N[C@H](C)c4ccc(S(=O)(=O)Nc5ccc(C)c6c(C#N)c[nH]c56)cc4)c(F)c3)cc2)c2c(sc(C)c2C)-n2c(C)nnc21,PYYAXJXZFOKMAF-WRAWZCCESA-N,PROTAC
2261,[2H]C(=O)CN1CC[C@H](N2CCN(c3ccc([2H])cc3)CC2)C1,RLOSNKAONIRRPY-QBDCHAEESA-N,Linker
22419,COc1ccc2nc(-c3cnc(-c4ccc(NCCOCCOc5ccc6c(c5)CN(C5CCC(=O)NC5=O)C6=O)nc4)cc3C(F)(F)F)sc2c1,NCXJXHKATFMXNM-UHFFFAOYSA-N,Degrader
8010,Cc1c(N)cncc1-c1cc2cc(NC(=O)CCNC(=O)CCCCNc3cccc4c3C(=O)N(C3CCC(=O)NC3=O)C4=O)ncc2c(N)c1F,JFUGMWOBMGODMV-UHFFFAOYSA-N,PROTAC
13612,C[C@H]1CCc2c(ccc(-c3cnn(C4CCN(C(=O)CN5CCN(c6ccc7c(c6)C(=O)N(C6CCC(=O)NC6=O)C7=O)CC5=O)CC4)c3)c2OC2CCC2)N1C(=O)C1CC1,FALPQIPPRDZELA-XVNGORCSSA-N,PROTAC
12488,Cc1sc2c(c1C)C(c1ccc(Cl)cc1)=N[C@@H](CC(=O)N[C@H](C)c1ccc(OCCCNc3cccc4c3C(=O)N(C3CCC(=O)NC3=O)C4=O)cc1)c1nnc(C)n1-2,TXNXUOFQQCOHIR-WVCVGGKZSA-N,PROTAC
19038,CC/C(=C(\c1ccccc1)c1ccc(OCCCCCN2CCN(c3ncc4c(n3)C(=O)N(C3CCC(=O)NC3=O)C4=O)CC2)cc1)c1ccc(O)cc1,CKXKZYVTJLTOAU-FJSCPDHXSA-N,PROTAC
9686,CCOC1CN([C@H]2[C@@H]3CC[C@@H](C3)[C@H]2Oc2ccc3c(c2)CN(C2CCC(=O)NC2=O)C3=O)C1,DSNVJNWIFHOWMO-JWGJYYJQSA-N,Molecular Glue
10488,Cc1ncsc1-c1ccc([C@H](C)NC(=O)[C@@H]2C[C@@H](O)CN2C(=O)[C@@H](NC(=O)COCCOCCCOc2ccc([C@H](C)NC(=O)C[C@@H]3N=C(c4ccc(Cl)cc4)c4c(sc(C)c4C)-n4c(C)nnc43)cc2)C(C)(C)C)cc1,CQLGQNIZXIECPC-PTUITXEZSA-N,PROTAC
796,[2H]CCCCCC[2H],VLKZOEOYAKHREP-QDNHWIQGSA-N,Linker
2790,[2H]CC(=O)NCCOCCOCCOCCC(=O)NCCN[2H],KZDRRPLSIWFDKY-PFUFQJKNSA-N,Linker
16443,C=CC(=O)N1CCN(c2nc(O[C@H](C)CN3CCC(CCC(=O)N[C@H](C(=O)N4C[C@H](O)C[C@H]4C(=O)N[C@@H](C)c4ccc(-c5scnc5C)cc4)C(C)(C)C)CC3)nc3c(F)c(-c4cc(O)cc5ccccc45)c(Cl)cc23)CC1,SIMRMTYNZLKHFS-YCBWRECHSA-N,PROTAC
16932,C[C@H]1CN(c2cc(-c3n[nH]c4ccc(OC5(C)CC5)cc34)ncn2)CCN1CC1CCN(CC2CCN(c3ccc4c(c3)C(=O)N(C3CCC(=O)NC3=O)C4=O)CC2)CC1,RPATXQSTPGUNNC-XRTOLJPQSA-N,PROTAC
8284,O=C1CC[C@H](N2Cc3cc(OCCN4C[C@@H]5C[C@H]4CN5CCOc4ccc([C@H]5c6ccc(O)cc6CC[C@H]5c5ccccc5)cc4)ccc3C2=O)C(=O)N1,RMQWZOPJYORTHW-LPTXNQQLSA-N,PROTAC
9846,O=C1CCC(N2Cc3c(ccc(C(=O)N[C@H](c4ccc(OC(F)(F)F)cc4)C(F)(F)F)c3F)C2=O)C(=O)N1,YKLFLHXOXJEEPV-KPMSDPLLSA-N,Molecular Glue
9857,O=C1CCC(N2Cc3c(ccc(C(=O)N[C@@H](CC(F)(F)F)c4cccc(F)c4)c3F)C2=O)C(=O)N1,YMVZROBQYSMTKU-BHWOMJMDSA-N,Molecular Glue
7007,NCc1cc2c(s1)C(=O)N(C1CCC(=O)NC1=O)C2=O,FIXIXKZZDPVZRI-UHFFFAOYSA-N,E3 Binder
19370,CC(C)N(CCc1cccc2ccccc12)Cc1ccc(CNC(=O)c2ccc3c(c2)C(=O)N(C2CCC(=O)NC2=O)C3=O)cc1,NFIZYVMHDMJHDB-UHFFFAOYSA-N,PROTAC
23502,Cc1c(Cl)cc(NC(=O)OCc2ccc3c(c2)C(=O)N(C2CCC(=O)NC2=O)C3)cc1OC1CCN(C)C1,BHNNCHOPAIILNF-UHFFFAOYSA-N,Degrader
7157,Oc1nc2ccccc2s1,YEDUAINPPJYDJZ-UHFFFAOYSA-N,E3 Binder
1276,[2H]NC1CC2(C1)CC(C(=O)N1CCN([2H])CC1)C2,FJXYFRXOVMEGQZ-ZSJDYOACSA-N,Linker
3189,[2H]C1CCN(C[C@@H]2CCN([2H])C2)CC1,ZXFYBZCIHVSELR-RITAEAAQSA-N,Linker
17249,COc1cc2c(cc1NC(=O)c1cccc(C(F)(F)F)n1)CN([C@H]1CC[C@H](CN3CCC(c4cccc5c4n(C)c(=O)n5C4CCC(=O)NC4=O)CC3)CC1)C2=O,MNVLGNFMWFYACB-DUHADFHISA-N,PROTAC
19504,O=C1CCC(N2Cc3cc(C(=O)NCc4ccc(CNc5nccc(-c6cccc7ccccc67)n5)cc4)ccc3C2=O)C(=O)N1,LATWQLNFOSBZMM-UHFFFAOYSA-N,PROTAC
8959,O=C1CCC(N2Cc3cc(OC4CCCC4N4CCC5(CCOCC5)C4)ccc3C2=O)C(=O)N1,LOGWUXXOOBDZFA-UHFFFAOYSA-N,Molecular Glue
5829,CN(C)c1ncc(-c2ccc(-c3nc4ccc(N)cc4s3)cn2)cn1,ULZZWWZRPLIDIN-UHFFFAOYSA-N,Warhead
24992,NC(=O)CC[C@H](NC(=O)[C@@H]1CC[C@@H]2CCN(C(=O)CCCCCC#Cc3cccc4c3C(=O)N(C3CCC(=O)NC3=O)C4=O)C[C@H](NC(=O)c3cc4cc(C(F)(F)P(=O)(O)O)ccc4[nH]3)C(=O)N21)C(=O)NC(c1ccccc1)c1ccccc1,ZMCYXBJXBBCEIP-DYGUMZBISA-N,PROTAC
24277,CC(=O)NCCOCCOCCOCCN,XGZGUFMIIFCEPB-UHFFFAOYSA-N,Linker
19802,CC1(C)C=C(c2ccc3c(c2)CN(C2CCC(=O)NC2=O)C3=O)CC(C)(C)N1,HVEGCXBGKMENAN-UHFFFAOYSA-N,Molecular Glue
13393,Cc1ncsc1-c1ccc(CNC(=O)[C@@H]2C[C@@H](O)CN2C(=O)[C@@H](NC(=O)COCCOCCCCCOc2cc(F)c([C@@H]3c4[nH]c5ccccc5c4C[C@@H](C)N3CC(F)(F)F)c(F)c2)C(C)(C)C)cc1,KLWILMBSYNPMBW-GSXDKGEZSA-N,PROTAC
15404,CCOc1cc(N2CCC(N3CCN(CCc4c(F)ccc5c4n(C)c(=O)n5C4CCC(=O)NC4=O)CC3)CC2)c(CC)cc1Nc1ncc(Br)c(Nc2ccc3nc(CC)ncc3c2P(C)(C)=O)n1,KBPYHRNXLCTAKS-UHFFFAOYSA-N,PROTAC
23378,O=C1CCC(N2Cc3ccc(CNC(=O)Nc4ccncc4)cc3C2=O)C(=O)N1,FDOBUGOLZCCQFF-UHFFFAOYSA-N,Degrader
6307,Nc1ccc2c(c1)C(=O)N([C@H]1CCC(=O)NC1=O)C2=O,IICWMVJMJVXCLY-VIFPVBQESA-N,E3 Binder
10915,CC1(C)[C@H](NC(=O)c2ccc(N3CCN(CCCOc4ccc5c(c4)C(=O)N(C4CCC(=O)NC4=O)C5=O)CC3)cc2)C(C)(C)[C@H]1Oc1ccc(C#N)c(Cl)c1,HRRKWAFHRRWOKX-YEKULVGXSA-N,PROTAC
6415,O=C1CCC(N2Cc3cc(O)c(F)cc3C2=O)C(=O)N1,ILDMHHDVFQIDHP-UHFFFAOYSA-N,E3 Binder
17327,Cn1c(=O)n(C2CCC(=O)NC2=O)c2cccc(C3CCN(C[C@H]4CC[C@H](n5cc6cc(NC(=O)c7cnn8cc(C#N)cnc78)ccc6n5)CC4)CC3)c21,OMMXTVGHZTVLIZ-HRHXEURFSA-N,PROTAC
119,[2H]CCCCN1CCC(c2ccc(C([2H])=O)cc2)CC1,ZJBWYDMEQHQTKJ-LVBFWXSNSA-N,Linker
20942,COc1cc(N2CC3(CN(C(=O)CN4CCC(c5ccc(NC6CCC(=O)NC6=O)cc5)CC4)C3)C2)ccc1Nc1ncc(Cl)c(Nc2ccccc2C(C)=O)n1,NUZGTVIDAIFYLS-UHFFFAOYSA-N,Degrader
23605,O=C1CCC(N2Cc3ccc(COC(=O)NC4(c5ccccc5)CC4)cc3C2=O)C(=O)N1,KQTFZCHBOYFXCP-UHFFFAOYSA-N,Degrader
202,[2H]CC1CC2(C1)CC(C[2H])C2,XSMNCVPNJTZYQT-QDNHWIQGSA-N,Linker
1841,[2H]C#Cc1ccc(OC2CC(O[2H])C2)cn1,TYMOXFZSJKMARX-LVBFWXSNSA-N,Linker
3336,[2H]CNCCc1cn(C[2H])nn1,RQUXWAWPDIUENF-QDNHWIQGSA-N,Linker
17111,COc1c(N2CCC(CN3CCN(CC4CCN(c5cc(-c6n[nH]c7ccc(OC8(C)CC8)cc67)ncn5)CC4)C(C)(C)C3)CC2)ccc2c1CN(C1CCC(=O)NC1=O)C2=O,WLRFIABWKXQELL-UHFFFAOYSA-N,PROTAC
4966,COc1cc2nn([C@H]3CC[C@@H](C=O)CC3)cc2cc1NC(=O)c1cccc(C(C)(F)F)n1,VJZCTZDOOSHCPT-FZNQNYSPSA-N,Warhead
18384,Cn1ncc(-c2nc(N[C@H]3CC[C@H](NCCCCCCCCNC(=O)NCc4cc5c(s4)C(=O)N(C4CCC(=O)NC4=O)C5)CC3)ncc2F)c1CC1CC1,BWRTUANDCGEPGQ-JYEAOAIVSA-N,PROTAC
20628,Cn1c(=O)n(C2CCC(=O)NC2=O)c2ccc(CCCN3CCN(C[C@H]4CC[C@H](NC(=O)[C@@H]5NC6(CCCCC6)[C@@]6(C(=O)Nc7cc(Cl)ccc76)[C@H]5c5cccc(Cl)c5F)CC4)CC3=O)cc21,FVAQLOBQUCXGSB-MKWGRHFGSA-N,Degrader
11606,C=CC(=O)N1CCCC[C@H](n2c(NC(=O)c3ccnc(C)c3)nc3ccc(OCCOCCN4CCN(CCOCCOCC(=O)N[C@H](C(=O)N5C[C@H](O)C[C@H]5C(=O)N[C@@H](C)c5ccc(-c6scnc6C)cc5)C(C)(C)C)CC4)c(Cl)c32)C1,SEWLBAYNVVOMNB-OSKNHZSASA-N,PROTAC
1171,[2H]C(=O)CCn1cc(C([2H])=O)nn1,GQQBXMKTLDOTDS-XBTCESIDSA-N,Linker
23319,O=C1CCC(N2Cc3ccc(CNC(=O)Nc4ccc(Cl)cc4Cl)cc3C2=O)C(=O)N1,VDYOJNXHRGJCNE-UHFFFAOYSA-N,Degrader
17705,COc1cc2nc([C@H]3CC[C@H](CN(C)CCCNc4cccc5c4C(=O)N(C4CCC(=O)NC4=O)C5=O)CC3)sc2cc1NC(=O)c1cncc(Cl)c1,HDKVEKZZWVERKG-FKCXMHPPSA-N,PROTAC
24916,COc1cc(N2CCN(C(=O)CCCCCCC(=O)N[C@H](C(=O)N3C[C@H](O)C[C@H]3C(=O)NCc3ccc(-c4scnc4C)cc3)C(C)(C)C)CC2)ccc1Nc1ncc(Cl)c(Nc2ccccc2P(C)(C)=O)n1,KVVNVQLVKFQXHX-AQHSYVBPSA-N,PROTAC
21838,CC1(C)C(=O)N(c2cnc(C#N)c(C(F)(F)F)c2)C(=S)N1c1ccc(OCCN2CCN(CC(=O)Nc3cc(Cl)cc(NC4CCC(=O)NC4=O)c3)CC2)c(CO)c1,AUXHEDQMJDIZPJ-UHFFFAOYSA-N,Molecular Glue
17457,CC(C)Nc1cc(-n2ccc3cc(C#N)cnc32)ncc1-c1cn([C@H]2CC[C@H](CN3CCN(c4cccc5c4n(C)c(=O)n5C4CCC(=O)NC4=O)CC3)CC2)nn1,KKOWVTPEEHPXNJ-UQHPAKBZSA-N,PROTAC
11549,C=CC(=O)Nc1cccc(Oc2nc(Nc3ccc(N4CCN(C(=O)COCCOCCOCCOCCOCC(=O)N[C@H](C(=O)N5C[C@H](O)C[C@H]5C(=O)N[C@@H](C)c5ccc(-c6scnc6C)cc5)C(C)(C)C)CC4)cc3OC)ncc2Cl)c1,DJUYGAQEVZILQL-NBABBAIJSA-N,PROTAC
23703,O=C1CCC(N2Cc3c(F)cc(COC(=O)Nc4ccc(-c5ccccc5F)c(F)c4)cc3C2=O)C(=O)N1,TWGOBIOTFWTHTH-UHFFFAOYSA-N,Degrader
3117,[2H]NCc1ccc(C(C)(C)N([2H])C)cc1,SKZRTIOABNQKPR-ZSJDYOACSA-N,Linker
3910,CC1(C)[C@H](NC(=O)c2ccc(N)cc2)C(C)(C)[C@H]1Oc1ccc(C#N)c(C(F)(F)F)n1,VYGDXNYHVFEGMT-WGSAOQKQSA-N,Warhead
12021,CC(=O)c1c(C)c2cnc(Nc3ccc(N4CCN(C(=O)CCCCCCCCCC(=O)N5CCN(S(=O)(=O)C[C@@H](N6C(=O)[C@@](C)(CC(=O)O)C[C@H](c7cccc(Cl)c7)[C@H]6c6ccc(Cl)cc6)C(C)(C)C)CC5)CC4)cn3)nc2n(C2CCCC2)c1=O,XOFQFOKOEWOVLT-CTNOIGBLSA-N,PROTAC
11533,COc1cc(N2CCN(C(=O)COCCOCCOCCOCCOc3cc([C@H](C(=O)N4C[C@H](O)C[C@H]4C(=O)NCc4ccc(-c5scnc5C)cc4)C(C)C)on3)CC2)ccc1Nc1ncc(-c2cnn(C)c2)c(-c2cn3c4c(cccc24)CCC3)n1,PPSWWNSFFYAZHD-KTYBHKGASA-N,PROTAC
14459,Cn1c(=O)n(CCC(C)(C)O)c2cc(Nc3nc(N4CC5CCC(C4)C5(F)F)ncc3Cl)ccc21,MJCXMDHFAYSKJA-UHFFFAOYSA-N,Molecular Glue
25220,Cc1sc2c(c1C)C(c1ccc(Cl)cc1)=N[C@@H](CC(=O)NCCc1ccc(/N=N/c3ccc(NC(=O)COc4cccc5c4C(=O)N(C4CCC(=O)NC4=O)C5=O)cc3)cc1)c1nnc(C)n1-2,CWYSGWHWRCXYKB-YNDIWGBZSA-N,PROTAC
16546,C=CC(=O)N1CCN(c2nc(OCCN3CCC4(CC3)CN(CC(=O)N[C@H](C(=O)N3C[C@H](O)C[C@H]3C(=O)N[C@@H](C)c3ccc(-c5scnc5C)cc3)C(C)(C)C)C4)nc3c(F)c(-c4cc(O)cc5ccccc45)c(Cl)cc23)C[C@@H]1CC#N,ZCFFBSPMKBNQOL-JBLPEKNNSA-N,PROTAC
5615,COc1cc(N2CCNCC2)ccc1Nc1ncc(C(F)(F)F)c(Nc2ccc(F)cc2F)n1,DLJUDBJEVQSPCT-UHFFFAOYSA-N,Warhead
14062,Cc1nc(Nc2ncc(C(=O)Nc3c(C)cccc3Cl)s2)cc(N2CCN(C(=O)CCCCCCSc3cccc4c3CN(C3CCC(=O)NC3=O)C4=O)CC2)n1,NSSJGJULIHUACV-UHFFFAOYSA-N,PROTAC
8913,COC1CN([C@H]2CCC[C@@H]2Oc2ccc3c(c2)CN(C2CCC(=O)NC2=O)C3=O)C1,OIZBIRZMZPTDPH-JVUMBYKBSA-N,Molecular Glue
3309,[2H]CCCOCCOCCNC(=O)CCCO[2H],HOIYBBFGUCQUOO-LVBFWXSNSA-N,Linker
19818,O=C1CCC(N2Cc3cc(C4CCN(Cc5cc([C@]67CC8CC(C[C@@H](C8)C6)C7)n[nH]5)CC4)ccc3C2=O)C(=O)N1,FKSDCRDWELOJGS-XGDXMKCYSA-N,Molecular Glue
18488,CNC(=O)COc1cc2cc(Nc3nc(N4CCC5(CC4)CN(C(C)(C)C4CCN(c6cccc7c6CN(C6CCC(=O)NC6=O)C7=O)CC4)C5)ncc3Cl)ccc2n(C(C)C)c1=O,AWDSWMPQZDDJAU-UHFFFAOYSA-N,PROTAC
8515,O=C1CCC(N2C(=O)c3cnc(N4CCN(CCCCCOc5ccc([C@H]6c7ccc(O)cc7CC[C@H]6c6ccc(F)cc6)cc5)CC4)nc3C2=O)C(=O)N1,SYTHKVMGAYIWLU-GUHZWPGOSA-N,PROTAC
12171,Cc1sc2c(c1C)C(c1ccc(Cl)cc1)=N[C@@H](CC(=O)NCCCCCCCCNC(=O)COc1cccc3c1C(=O)N(C1CCC(=O)NC1=O)C3=O)c1nnc(C)n1-2,JGQPZPLJOBHHBK-UFXYQILXSA-N,PROTAC
12341,CC[C@H](C(=O)N1CCCC[C@H]1C(=O)O[C@H](CCc1ccc(OC)c(OC)c1)c1ccccc1OCC(=O)NCCCCCCCCCCOc1cccc2c1C(=O)N(C1CCC(=O)NC1=O)C2=O)c1cc(OC)c(OC)c(OC)c1,YBRMOPKLEUGEHK-KVCSYMCHSA-N,PROTAC
20365,CN1CCN([C@@H]2CCCN(c3nnc(C(N)=O)c(Nc4ccc(N5CCN(CC6CCN(c7ccc(NC8CCC(=O)NC8=O)c(F)c7)C6)CC5)c(F)c4)n3)C2)C1=O,WUBBTLBISDYOAG-YDJNHXHJSA-N,Degrader
10538,Cc1ncsc1-c1ccc(CNC(=O)[C@@H]2C[C@@H](O)CN2C(=O)[C@@H](NC(=O)CCc2cccc(OCCNC(=O)C[C@@H]3N=C(c4ccc(Cl)cc4)c4c(sc(C)c4C)-n4c(C)nnc43)c2)C(C)(C)C)cc1,WPKRBKUWDLESPH-CHQUKZCFSA-N,PROTAC
23174,CNc1cc(N2CCc3c(-c4ccc(CN5CCC(N6CCN(C(=O)c7ccc(Cl)c(N8CCC(=O)NC8=O)c7)CC6)CC5)cn4)cccc32)nn2c(C(=O)N[C@@H]3C[C@@H]3F)cnc12,MWKAEMNFBATJAJ-QWOOXDRHSA-N,Degrader
3940,Oc1ccc([C@@H]2c3ccc(O)cc3CC[C@@H]2c2ccccc2)cc1,AQRJVZJHYJLAEV-IRLDBZIGSA-N,Warhead
2515,[2H][C@H](C)CN1CC(N2CCN([2H])CC2)C1,MWMRAOUFCZVYRU-QZBOUCNQSA-N,Linker
24181,CCCCCC1CCN(CCN)CC1,ZCANVUDZTNPIMD-UHFFFAOYSA-N,Linker
6216,Cc1ncsc1-c1ccc(C(C)NC(=O)[C@@H]2C[C@@H](OC(=O)CN)CN2C(=O)[C@@H](N)C(C)(C)C)cc1,UYPQVWJTJWLCAA-GBOKIENMSA-N,E3 Binder
21003,COc1cc(C2CCN(C(=O)CN3CCC(c4ccc(NC5CCC(=O)NC5=O)cc4)CC3)CC2)ccc1Nc1ncc(Cl)c(Nc2ccccc2)n1,SFPXRGAUXMODGO-UHFFFAOYSA-N,Degrader
4497,O=S(=O)(Oc1ccc2c(n1)[nH]c1ccncc12)C(F)(F)F,MZCVOSWZWMJTQS-UHFFFAOYSA-N,Warhead
3371,[2H]CCCOCC1CN(Cc2ccc(N3CCN([2H])CC3)cc2)C1,QADAAUHRNOANSF-PFUFQJKNSA-N,Linker
17121,COc1c(N2CCN(C[C@H]3CC[C@H](CN4CCN(c5cc(-c6n[nH]c7cnc(OC8(C)CC8)cc67)ncn5)CC4)CC3)CC2)ccc2c1CN(C1CCC(=O)NC1=O)C2=O,MYFKCRQGNCVZBD-ARBFJVLTSA-N,PROTAC
13818,COC(=O)C[C@@H]1N=C(c2ccc(-c3ccc(C(=O)NCc4ccc(S(=O)(=O)Nc5ccc(Br)c6c(C#N)c[nH]c56)cc4)cc3)cc2)c2c(sc(C)c2C)-n2c(C)nnc21,YNIHGZZGTLFZTO-DHUJRADRSA-N,PROTAC
498,[2H]C#CC12CCC(C[2H])(CC1)CC2,JZMOHEXPBJNXJQ-QDNHWIQGSA-N,Linker
1401,[2H]O[C@H]1C[C@H](OCCCCCOC(CC2CN([2H])C2)C(F)(F)F)C1,AHZDIWKXUXHEGC-HBRXAHKISA-N,Linker
10377,N#Cc1ccc(N2CC3(CN(C(=O)c4ccc(C5CCN(CC6CCN(c7ccc8c(c7)C(=O)N(C7CCC(=O)NC7=O)C8=O)CC6)CC5)cc4)C3)C2)cc1Cl,PLYLXRVUACURNU-UHFFFAOYSA-N,PROTAC
24125,CN(CCCN)CCCN,KMBPCQSCMCEPMU-UHFFFAOYSA-N,Linker
14567,Cc1ncsc1-c1ccc(CNC(=O)[C@@H]2C[C@@H](O)CN2C(=O)[C@@H](NC(=O)COCCCCOc2ccc3nc(-c4ccc(N(C)C)cc4)ccc3c2)C(C)(C)C)cc1,IXAVYCCQOGICMK-DCFQOXSYSA-N,PROTAC
3177,[2H]N1CC2(C1)CN([2H])C2,UDSAJFSYJMHNFI-ZSJDYOACSA-N,Linker
12506,Cc1sc2c(c1C)C(c1ccc(Cl)cc1)=N[C@@H](CC(=O)Nc1ccc(OCCOCCOCCOCCNc3cccc4c3C(=O)N(C3CCC(=O)N(C)C3=O)C4=O)cc1)c1nnc(C)n1-2,VSORMTNHEJVOHC-NWDJCJOJSA-N,PROTAC
7639,Cc1ncsc1-c1ccc(CNC(=O)[C@@H]2C[C@@H](O)CN2C(=O)[C@@H](NC(=O)COC/C=C\COCCCCOc2ccc(N3C(=S)N(c4ccc(C#N)c(C(F)(F)F)c4)C(=O)C3(C)C)cc2)C(C)(C)C)cc1,WVWGDJGNPPGOOJ-MLLFZIBPSA-N,PROTAC
6577,Cc1cc(C=O)ccc1S(=O)(=O)Nc1ccc(C)c2c(C#N)c[nH]c12,DSPXQKSOYGYSSP-UHFFFAOYSA-N,E3 Binder
7212,O=C1CCC(Nc2cccc3ncoc23)C(=O)N1,KVEAGNATSZVCFZ-UHFFFAOYSA-N,E3 Binder
5725,COc1cc(N2CCNCC2)c(C#N)cc1Nc1ncc(Br)c(Nc2ccccc2C(C)=O)n1,QJFYTTAXWYLDJV-UHFFFAOYSA-N,Warhead
21678,Cc1ncsc1-c1ccc(CNC(=O)[C@@H]2C[C@@H](O)CN2C(=O)[C@@H](NC(=O)CCN(C)Cc2ccc(N3CCN(c4cc(-c5ccccc5O)nnc4N)CC3)cc2)C(C)(C)C)cc1,YTBUGWSTDCCMNZ-XBPZXCMESA-N,Degrader
16200,COCCOCCOCCOCCOCCOCCOCCOCCOCCOCCOCCOCCOCCOCCOCCOCCOCCOCCOCCOCCOCCOCCOCC(=O)O[C@@H]1C[C@@H](C(=O)N[C@@H](C)c2ccc(-c3scnc3C)cc2)N(C(=O)[C@H](c2cc(N3CCC(CN4CCN(c5ccc(-c6cnc7[nH]cc(C(=O)c8c(F)ccc(NS(=O)(=O)N9CC[C@@H](F)C9)c8F)c7c6)cc5)CC4)CC3)no2)C(C)C)C1,DMCKJLNWWLDOFJ-MKVVFMMHSA-N,PROTAC
4215,Cc1nc(Cl)ncc1C(=O)N[C@H]1C(C)(C)[C@H](Oc2ccc(C#N)c(Cl)c2)C1(C)C,JXLYZOKVHISGKP-IYARVYRRSA-N,Warhead
14580,CN(C)c1ccc(-c2ccc3cc(OCC(O)COCCOCCOCCNc4cccc5c4C(=O)N(C4CCC(=O)NC4=O)C5=O)ccc3n2)cc1,HSIMARRWGFKVSU-UHFFFAOYSA-N,PROTAC
2551,[2H]OCCN1CCN(c2ccc(C([2H])=O)cn2)CC1,USDDKVMNZQCKNF-OOYURZLGSA-N,Linker
14796,CCc1cc(Nc2ncc(Br)c(Nc3ccc4nccnc4c3P(C)(C)=O)n2)c(OC)cc1N1CCC(N2CCN(CCOc3ccc4c(c3)CN(C3CCC(=O)NC3=O)C4=O)CC2)CC1,AOFKRTJFQQQBJG-UHFFFAOYSA-N,PROTAC
17366,COc1cc2nn([C@H]3C[C@H](CN4CCC(c5c(C)ccc6c5n(C)c(=O)n6C5CCC(=O)NC5=O)CC4)C3)cc2cc1NC(=O)c1cccc(C(F)(F)F)n1,NINYTEZGQXAXSE-OKMTXKKISA-N,PROTAC
24837,COc1c(O)cc(O)c2c(=O)cc(-c3ccc(OCc4cn(CCCCCCCCCC(=O)Nc5cccc6c5C(=O)N(C5CCC(=O)NC5=O)C6=O)nn4)cc3)oc12,PZDBDRAFTHAQLF-UHFFFAOYSA-N,PROTAC
15651,OCCNCc1ccc(OCCCCc2ccccc2)c(OCCCCc2ccccc2)c1,ILBOFHPILMNTIP-UHFFFAOYSA-N,Shuttle Protein
16011,COc1cc(N2CCN(CCc3ccc(-c4cnc5[nH]cc(C(=O)c6c(F)ccc(NS(=O)(=O)N7CC[C@@H](F)C7)c6F)c5c4)cc3)CC2)cc2c1C(=O)N(C1CCC(=O)NC1=O)C2,LWRXCVOUVGLYDY-ZMLFZXNESA-N,PROTAC
24471,CC[C@@H]1[C@H](F)C(=O)N[C@@H]1COc1ncc(C#CCCCCCCCCCCC(=O)N[C@H](C(=O)N2C[C@H](O)C[C@H]2C(=O)NCc2ccc(-c3scnc3C)cc2)C(C)(C)C)c2cc(C(N)=O)c(OC)cc12,OMTXYNZVPBTRTI-LWWCJIENSA-N,PROTAC
22117,CNC(=O)COc1cc2cc(Nc3nc(NCC4CCCN(c5ccc6c(C7CCC(=O)NC7=O)nn(C)c6c5)C4)ncc3Cl)ccc2n(C)c1=O,PUWWUKFSSYJJCP-UHFFFAOYSA-N,Degrader
11823,NC(=O)c1c(-c2ccc(Oc3ccccc3)cc2)nn2c1NCC[C@H]2C1CCC(N2CCN(CC3CCN(c4ccc5c(c4)C(=O)N(C4CCC(=O)NC4=O)C5=O)CC3)CC2)CC1,GKIJDLPTULEEOY-IJILQESXSA-N,PROTAC
12235,CC[C@H](C(=O)N1CCCC[C@H]1C(=O)O[C@H](CCc1ccc(OC)c(OC)c1)c1cccc(OCC(=O)NCCCOCCCNC(=O)COc2cccc3c2C(=O)N(C2CCC(=O)NC2=O)C3=O)c1)c1cc(OC)c(OC)c(OC)c1,ZHMKUYJHRONFRG-PSQUFEHFSA-N,PROTAC
22054,CN(CCCNC(=O)CNc1cccc2c1C(=O)N(C1CCC(=O)NC1=O)C2=O)C(C)(C)/C=C/C(=O)N1CCC[C@@H](n2nc(-c3ccc(Oc4ccccc4)cc3)c3c(N)ncnc32)C1,PIADEZHQUYWJMS-BZCHBZHKSA-N,Degrader
9915,O=C1CCC(N2Cc3cc(C(=O)N[C@H](c4ccccc4N4CCOCC4)C(F)(F)F)ccc3C2=O)C(=O)N1,MKSIGNYBDFIXTO-LWMIZPGFSA-N,Molecular Glue
3483,[2H]C(=O)C[C@H]1CC[C@@H](c2cnc(N3C4CCC3CN([2H])C4)nc2)CC1,FZKFLAHLGDUCKX-NPIVUSOISA-N,Linker
24674,Cc1cc([C@H](C(=O)N2C[C@@H](O)C[C@@H]2C(=O)N[C@@H](CC(=O)N2CCC(C#Cc3ccc(C(=O)N[C@H]4C(C)(C)[C@H](Oc5ccc(C#N)c(Cl)c5)C4(C)C)cc3)CC2)c2ccccc2)C(C)C)on1,RTNONCBKGZNCJS-NKRDQONASA-N,PROTAC
9949,N#Cc1ncc(N2CCC3(CCN(C(=O)c4ccc(N5CCN(CC6CCN(c7ccc8c(c7)C(=O)N(C7CCC(=O)CC7=O)C8=O)CC6)CC5)nc4)CC3)C2)cc1C(F)(F)F,KWCSUOYIADROQA-UHFFFAOYSA-N,PROTAC
273,[2H]C(=O)CCNC(=O)COCCOCC([2H])=O,TUXPVIOZCIQKMC-NMQOAUCRSA-N,Linker
20338,CN1CCN([C@@H]2CCCN(c3nnc(C(N)=O)c(Nc4ccc(N5CCN(CC6CCN(c7ccc(C(=O)NC8CCC(=O)NC8=O)c8c7OCO8)CC6)CC5)c(F)c4)n3)C2)C1=O,JFWJLHNDAPLYDL-NHQUYOMTSA-N,Degrader
183,[2H]C(=O)COCCOc1ccc(-c2ccc(C([2H])=O)cc2)cn1,WKGDSYXNWCLMTI-AAHVHQLYSA-N,Linker
22790,COc1c(Nc2cc(Nc3cc(C(=O)NCCCCc4cccc5c4n(C)c(=O)n5C4CCC(=O)NC4=O)ccn3)ncc2C(=O)NC2CC2)cccc1-c1ncc(F)cn1,VPVRDVLNUDIDBI-UHFFFAOYSA-N,Degrader
16172,COCCOCCOCCOCCOCCOCCOCCOCCOCCOCCOCCOCCOCCOCCOCCOCCOCCOCCOCCOCCOCCOCCNC(=O)CCC(=O)O[C@@H]1C[C@@H](C(=O)NCc2ccc(-c3scnc3C)cc2)N(C(=O)[C@@H](NC(=O)CN2CC(N3CCN(c4ccc(-c5cnc6[nH]cc(C(=O)c7c(F)ccc(NS(=O)(=O)N8CC[C@@H](F)C8)c7F)c6c5)cc4)CC3)C2)C(C)(C)C)C1,UUUHHWVWEONKED-NUXRCZBESA-N,PROTAC
226,[2H]CC(=O)NCCOCCOCCOCC([2H])=O,HQUQFJSZJHNHQH-SDTNDFKLSA-N,Linker
23443,O=C1CCC(N2Cc3ccc(COC(=O)Nc4ccc(F)c(Cl)c4)cc3C2=O)C(=O)N1,FVZCXSKBERNHAQ-UHFFFAOYSA-N,Degrader
4401,Cc1c(C(=O)O)sc2c1C(c1ccc(Cl)cc1)=N[C@@H](CC(=O)NCCCN1CCN(C)CC1)c1nnc(C)n1-2,OKIPZPYCLUUMIB-FQEVSTJZSA-N,Warhead
11154,CC1(C)[C@H](NC(=O)c2ccc(N3CCN(CCCCc4cccc5c4C(=O)N(C4CCC(=O)NC4=O)C5=O)CC3)cc2)C(C)(C)[C@H]1Oc1ccc(C#N)c(Cl)c1,AZIQLOZLNWRDOL-IVBVVVCDSA-N,PROTAC
16956,CC1(Oc2ccc3n[nH]c(-c4cc(N5CCN(CC6(F)CCN(C(=O)C7CCN(c8ccc9c(c8)C(=O)N(C8CCC(=O)NC8=O)C9=O)CC7)CC6)CC5)ncn4)c3c2)CC1,NNXWMKPGJGUZGL-UHFFFAOYSA-N,PROTAC
19073,CC/C(=C(\c1ccc(O)cc1)c1ccc(OCCCCCN2CCN(c3cc4c(cc3F)CN(C3CCC(=O)NC3=O)C4=O)CC2)cc1)c1ccccc1,CLIVHEHKWMBBQI-HCXVLTECSA-N,PROTAC
12639,COc1cc(Nc2c(C#N)cnc3cc(OCCCN4CCN(C(=O)CCC(=O)NCCNc5cccc6c5C(=O)N(C5CCC(=O)NC5=O)C6=O)CC4)c(OC)cc23)c(Cl)cc1Cl,ZBPABRQEVHRUQT-UHFFFAOYSA-N,PROTAC
25697,COC(=O)C[C@H]1[C@]2(C)C3=C(C)[C@H](c4ccoc4)C[C@H]3O[C@@H]2[C@@H]2OC(=O)[C@]3(C)C=CC(=O)[C@@]1(C)C23,JZIQWNPPBKFOPT-MOMZMNLWSA-N,E3 Binder
25603,CC(=O)N1CC[C@H]2CC[C@@H](C(=O)N[C@@H](CCC(N)=O)C(=O)NC(c3ccccc3)c3ccccc3)N2C(=O)[C@@H](NC(=O)c2cc3cc(OP(=O)(O)O)ccc3[nH]2)C1,OGXDAFGZMDHWLK-BSIQAPFRSA-N,Warhead
6902,O=C1CCC(NC(=O)c2ccc(F)cc2)C(=O)N1,OEHIGEZAQFVWPS-UHFFFAOYSA-N,E3 Binder
13362,Cc1ncsc1-c1ccc([C@@H](CN)NC(=O)[C@@H]2C[C@@H](O)CN2C(=O)[C@@H](NC(=O)COCCOCCOCCOc2cc(F)c([C@@H]3c4[nH]c5ccccc5c4C[C@@H](C)N3CC(C)(C)F)c(F)c2)C(C)(C)C)cc1,SQIGWYRXEMLPEN-XRZYMHLBSA-N,PROTAC
319,[2H]CC(=O)NCCOCCOCC([2H])=O,JXQTZSJQEXYJJF-SDTNDFKLSA-N,Linker
4280,Cc1cc(O[C@H]2C(C)(C)[C@H](NC(=O)c3c(C)nc(Cl)nc3C)C2(C)C)ccc1C#N,ZOAXQLBDMZTRFR-MXVIHJGJSA-N,Warhead
14750,CCc1cc(Nc2ncc(Br)c(Nc3ccc4nccnc4c3P(C)(C)=O)n2)c(OC)cc1N1CCC(N2CCN(CCC3CCN(c4ccc(C5CCC(=O)NC5=O)c(C(F)(F)F)c4)CC3)CC2)CC1,GTBNHXCHOHVXIJ-UHFFFAOYSA-N,PROTAC
9804,O=C1CCC(N2Cc3c(ccc(C(=O)N[C@H](c4ccc(Cl)cc4)C(F)(F)F)c3F)C2=O)C(=O)N1,AKYSLLPLSISIGE-KPMSDPLLSA-N,Molecular Glue
5664,COc1cc(N2CCNCC2)ccc1Nc1ncc(Cl)c(Nc2ccccc2NC(C)=O)n1,WMRFNCNCUPNNHR-UHFFFAOYSA-N,Warhead
13717,NC(=O)c1c(-c2ccc(Oc3ccc(Cl)cn3)cc2)nn(C2CCN([C@H]3CCN(C4CN(c5ccc6c(c5)C(=O)N(C5CCC(=O)NC5=O)C6=O)C4)C[C@@H]3F)CC2)c1N,PMJWWAAGCXHTOD-PZWBPPBVSA-N,PROTAC
15146,CCc1cc(Nc2ncc(C(F)(F)F)c(Nc3ccc4c(c3P(C)(C)=O)OCCO4)n2)c(OC)cc1N1CCC(N2CCN(CCc3cc(F)c(C4CCC(=O)NC4=O)c(F)c3)CC2)CC1,HUDUKUUSOXLPDK-UHFFFAOYSA-N,PROTAC
22241,Cc1cc(O[C@H]2C(C)(C)[C@H](NC(=O)c3ccc(N4CCC(CN5CCN(c6ccc(C(=O)N[C@H]7CCC(=O)NC7=O)cn6)CC5)CC4)cc3)C2(C)C)cc(C)c1C#N,YCUMKIDXQKPRJE-FMPIRMQTSA-N,Degrader
2210,[2H]C(=O)CN1[C@H](C)CN(CC2CCN(c3ccc([2H])cc3)CC2)C[C@@H]1C,IYCBFBBIURVCNS-SPEQIIAYSA-N,Linker
2040,[2H]NCC(C)(C)CN1CCN(C2CCN([2H])CC2)CC1,MELLHGQBJXNUHY-ZSJDYOACSA-N,Linker
7662,CC(C)(C)[C@H](NC(=O)COCCCOCCCCOc1ccc(N2C(=S)N(c3cnc(C#N)c(Cl)c3)C(=O)C2(C)C)cc1F)C(=O)N1C[C@H](O)C[C@H]1C(=O)NCc1ccc(-c2cnco2)cc1,JIPCPCSGHQCZGB-YQZBRAGKSA-N,PROTAC
12060,Cc1ncsc1-c1ccc([C@H](C)NC(=O)[C@@H]2C[C@@H](O)CN2C(=O)[C@@H](NC(=O)CCCCCCC(=O)N2CCN(c3ccc(Nc4ncc5cc6n(c5n4)C4(CCCCC4)CNC6=O)nc3)CC2)C(C)(C)C)cc1,OYPDJZHQAFEODM-HZOHVKAASA-N,PROTAC
4404,Cc1noc(C)c1-c1ccc(-c2nc3cnccn3c2NCC(=O)O)cc1,WPWMLDHTRMCTIP-UHFFFAOYSA-N,Warhead
23465,O=C1CCC(N2Cc3ccc(COC(=O)Nc4cc(F)cc(OC(F)F)c4)cc3C2=O)C(=O)N1,YFEIGPQLWYSWBK-UHFFFAOYSA-N,Degrader
21768,CC1(C)C(=O)N(c2ccc(C#N)c(C(F)(F)F)c2)C(=S)N1c1ccc(OCCN2CCN(CC(=O)Nc3cc(F)cc(NC4CCC(=O)NC4=O)c3)CC2)c(F)c1,WSZXHGSYSSWDRG-UHFFFAOYSA-N,Molecular Glue
1482,[2H]N1CCC(CCN2CCC(OC3CN([2H])C3)CC2)CC1,HHVVEPAFOGYPCB-ZSJDYOACSA-N,Linker
6022,CCNC(=O)c1cnc(Nc2ccc(C(=O)O)cn2)cc1Nc1cccc(-c2ncc(F)cn2)c1OC,NHWKFCQTTHSGEA-UHFFFAOYSA-N,Warhead
9815,O=C1CC[C@@H](N2Cc3cc(C(=O)N[C@H](c4ccc(F)cc4)C(F)(F)F)ccc3C2=O)C(=O)N1,QNHSYWMURJOOIJ-SJLPKXTDSA-N,Molecular Glue
16132,O=C1CCC(N2Cc3cc(OCCOCCOCCOCCOc4ccc(-n5cc(-c6ccc(Cl)c(O)c6)c(-c6ccncc6)n5)cc4)ccc3C2=O)C(=O)N1,RRJMVZDJDWDYIH-UHFFFAOYSA-N,PROTAC
15802,Cc1ncsc1-c1ccc([C@H](CO)NC(=O)[C@@H]2C[C@@H](O)CN2C(=O)[C@@H](NC(=O)CN2CCN(C[C@@H]3C[C@H]4C[C@@H]3CN4c3ccc(-c4cnc5[nH]cc(C(=O)c6c(F)ccc(NS(=O)(=O)N7CC[C@@H](F)C7)c6F)c5c4)cc3)CC2)C(C)(C)C)cc1,DYBNJXOJPZPOKP-CAXBMEGMSA-N,PROTAC
21437,Cn1c(=O)n(C2CCC(=O)NC2=O)c2cccc(CCCCCCCCN3CCN(c4cc(-c5ccccc5O)nnc4N)CC3)c21,LOOARMAZTXVHJL-UHFFFAOYSA-N,Degrader
24539,Cc1ncsc1-c1ccc(CNC(=O)[C@@H]2C[C@@H](O)CN2C(=O)[C@@H](NC(=O)COCCCOCCCOc2ccc(Nc3ncc(Br)c(NCCCN(C)C(=O)C4CCC4)n3)cc2)C(C)(C)C)cc1,NOEDDWSQKHLSPJ-AKCINUCUSA-N,PROTAC
18866,CNC(=O)COc1cc2cc(Nc3nc(N4CCC(O[C@H]5C[C@H](N6CC7(CN(c8ccc9c(c8C)C(=O)N(C8CCC(=O)NC8=O)C9=O)C7)C6)C5)CC4)ncc3Cl)ccc2n(C(C)C)c1=O,PIRMHFKXWXHWKM-NSGDDVBOSA-N,PROTAC
18606,CNC(=O)COc1cc2cc(Nc3nc(N4CCN(CC5C6CN(c7cccc8c7C(=O)N(C7CCC(=O)NC7=O)C8=O)CC56)CC4)ncc3Cl)ccc2n(C(C)C)c1=O,CNNMKGKNFXYFBC-UHFFFAOYSA-N,PROTAC
21816,CCc1cc(N2C(=S)N(c3ccc(C#N)c(C(F)(F)F)c3)C(=O)C2(C)C)cnc1OCCN1CCN(CC(=O)Nc2cc(Cl)cc(NC3CCC(=O)NC3=O)c2)CC1,LULKNMVHCYNIRP-UHFFFAOYSA-N,Molecular Glue
6021,CNC(=O)c1cnc(Nc2ccc(C=O)cn2)cc1Nc1cccc(-c2ncc(F)cn2)c1OC,BACSKSNWRSBJCE-UHFFFAOYSA-N,Warhead
1976,[2H]N1CCC(N2C[C@@H](C)N(CC3CN([2H])C3)[C@@H](C)C2)CC1,YDLXSTTVTSAPNQ-HIULXYNHSA-N,Linker
7263,CC(C)(C)[C@H](N)C(=O)N1C[C@H](O)C[C@H]1C1=NO[C@@](C)(c2ccc(-c3ccccc3F)cc2)N1,XXFOBRLOULRRCD-XCAMGBOJSA-N,E3 Binder
7550,Cc1ncsc1-c1ccc(CNC(=O)[C@@H]2C[C@@H](O)CN2C(=O)[C@H](C(C)C)N2Cc3ccccc3C2=O)c(OCCOCCOCCOc2ccc(N3C(=O)N(c4ccc(C#N)c(C(F)(F)F)c4)C(=O)C3(C)C)cc2)c1,KILBDTNGMSFZRV-URFNIQEHSA-N,PROTAC
24840,Cc1ccc(F)c(S(=O)(=O)Nc2ccc(-c3nc(OC[C@H]4CN(CCOCCOCCOCC(=O)NCCNc5cccc6c5C(=O)N(C5CCC(=O)NC5=O)C6=O)CCO4)c4cn[nH]c4n3)cc2)c1,OUCDUDOBVVHZKG-RACIXVTASA-N,PROTAC
